target,repeat,ic_efe_threshold,ic_div_threshold,num_replanning,trial_steps,timesteps_inside_target,computation_time,unfinished
9,8,,40.0,32,101,83,27.473263025283813,False
1,2,,10.0,65,101,80,37.853092670440674,False
1,3,1.0,30.0,78,101,70,48.641496896743774,False
9,6,1.0,10.0,96,101,82,54.20752763748169,False
1,8,,30.0,52,101,80,34.13802528381348,False
9,9,1.0,50.0,83,101,81,49.6611123085022,False
9,7,1.0,20.0,85,101,79,50.93527579307556,False
0,0,,10.0,63,101,67,39.63904023170471,False
8,7,,20.0,43,101,86,30.6830792427063,False
9,8,,70.0,30,101,84,26.48321032524109,False
4,3,1.0,30.0,90,101,81,52.73405075073242,False
5,5,1.0,30.0,81,101,70,49.66720628738403,False
2,1,,10.0,63,101,84,37.2913818359375,False
6,7,1.0,,67,101,65,44.8280565738678,False
2,1,1.0,70.0,73,101,82,46.80258107185364,False
11,4,1.0,20.0,92,101,67,53.50212383270264,False
0,1,1.0,60.0,87,101,75,55.09018683433533,False
3,3,1.0,70.0,70,101,84,45.80421543121338,False
11,5,,,100,101,68,49.67549276351929,False
10,3,1.0,70.0,86,101,74,51.583709478378296,False
8,1,1.0,70.0,66,101,82,44.466246604919434,False
6,7,,40.0,37,101,70,29.196629762649536,False
9,5,,70.0,30,101,84,26.47586441040039,False
5,7,,50.0,35,101,71,27.59995174407959,False
8,7,,40.0,32,101,77,27.286226511001587,False
8,3,,,100,101,82,49.668630599975586,False
7,5,1.0,60.0,84,101,77,50.3920624256134,False
8,7,1.0,20.0,88,101,82,51.87801146507263,False
0,0,1.0,40.0,73,101,69,46.411967277526855,False
1,5,1.0,70.0,73,101,81,47.00397872924805,False
6,5,1.0,60.0,83,101,67,50.247233867645264,False
10,7,,40.0,33,101,69,26.396485328674316,False
7,2,1.0,20.0,86,101,78,51.090309858322144,False
7,6,1.0,60.0,71,101,76,45.8475239276886,False
2,9,,70.0,22,101,84,23.65882682800293,False
11,9,1.0,60.0,77,101,65,48.33112406730652,False
6,2,,30.0,40,101,57,29.973718643188477,False
7,9,,20.0,44,101,71,31.04973816871643,False
11,4,,10.0,68,101,69,39.014307498931885,False
0,0,,30.0,36,101,75,28.48408317565918,False
1,5,1.0,10.0,93,101,76,52.932382583618164,False
9,4,,60.0,25,101,81,24.550413608551025,False
1,1,1.0,70.0,85,101,76,51.09274172782898,False
7,4,1.0,30.0,85,101,79,51.061100006103516,False
5,9,1.0,50.0,89,101,77,51.88368844985962,False
3,6,1.0,20.0,84,101,80,50.34331798553467,False
9,6,,70.0,30,101,74,26.434123516082764,False
4,7,1.0,60.0,73,101,83,46.659857749938965,False
4,4,1.0,,67,101,82,43.38601756095886,False
8,4,1.0,60.0,76,101,78,47.54953575134277,False
5,4,1.0,40.0,76,101,69,47.50697207450867,False
6,1,,50.0,25,101,61,24.123353719711304,False
6,7,1.0,40.0,76,101,66,46.954891204833984,False
6,0,1.0,60.0,76,101,69,47.597694873809814,False
4,4,1.0,60.0,74,101,75,47.00011372566223,False
0,0,1.0,20.0,82,101,76,49.302199840545654,False
4,7,1.0,40.0,73,101,83,46.41211271286011,False
4,2,1.0,70.0,86,101,80,51.48028254508972,False
4,8,,10.0,72,101,81,40.42997121810913,False
10,9,,40.0,41,101,75,28.962364673614502,False
5,5,,,100,101,70,50.019606590270996,False
4,9,,,100,101,74,49.6362361907959,False
1,9,1.0,20.0,88,101,78,51.73642611503601,False
6,2,1.0,10.0,95,101,71,53.79844260215759,False
9,7,1.0,30.0,85,101,79,51.14151859283447,False
10,2,,50.0,33,101,55,26.858867645263672,False
11,7,1.0,40.0,86,101,65,51.57280373573303,False
7,7,1.0,70.0,79,101,67,49.210047483444214,False
6,1,,10.0,72,101,66,40.339799880981445,False
2,8,1.0,,60,101,86,40.98610877990723,False
4,7,1.0,10.0,95,101,80,53.836918592453,False
7,9,,10.0,64,101,73,37.65038824081421,False
10,6,1.0,60.0,78,101,74,48.40597462654114,False
7,1,,60.0,24,101,75,24.033689498901367,False
0,1,1.0,,75,101,77,46.013055086135864,False
1,5,,40.0,38,101,82,29.384286880493164,False
2,5,1.0,60.0,78,101,87,48.21347117424011,False
6,7,,60.0,37,101,69,28.73349094390869,False
1,9,1.0,10.0,93,101,78,53.0824830532074,False
7,7,,50.0,28,101,61,25.152644157409668,False
0,1,,10.0,60,101,73,36.184579372406006,False
9,5,,60.0,35,101,79,27.876962661743164,False
4,7,,50.0,36,101,77,27.92022681236267,False
8,7,,60.0,39,101,66,29.28758931159973,False
1,5,1.0,,60,101,83,40.87555813789368,False
6,4,,60.0,32,101,67,30.372098922729492,False
5,2,1.0,50.0,75,101,79,46.926814794540405,False
5,6,,20.0,46,101,63,31.784754037857056,False
6,3,,40.0,34,101,70,28.113447904586792,False
3,9,,40.0,28,101,84,26.06590723991394,False
3,2,,20.0,41,101,88,30.01101779937744,False
8,1,1.0,10.0,90,101,83,52.005542278289795,False
9,2,1.0,50.0,78,101,86,48.22531032562256,False
2,1,,,100,101,87,49.675668239593506,False
5,3,,10.0,60,101,69,36.17230820655823,False
10,8,1.0,,65,101,77,42.79452705383301,False
1,7,,60.0,35,101,71,27.892053604125977,False
3,0,1.0,10.0,96,101,88,54.00879454612732,False
11,1,1.0,,62,101,64,41.74267578125,False
0,4,,30.0,45,101,75,31.656262636184692,False
4,8,1.0,40.0,86,101,71,50.46019172668457,False
11,8,,60.0,27,101,68,25.183552742004395,False
11,5,1.0,,72,101,61,45.404141664505005,False
2,8,,40.0,33,101,83,27.540656089782715,False
2,1,1.0,40.0,78,101,82,47.83106184005737,False
5,4,,20.0,54,101,72,34.58724021911621,False
11,0,1.0,70.0,71,101,53,51.31568932533264,False
6,7,,20.0,50,101,75,33.1133086681366,False
9,3,,,100,101,83,50.48382616043091,False
11,3,1.0,30.0,93,101,60,53.95930290222168,False
0,2,1.0,40.0,74,101,67,46.327367305755615,False
10,9,,50.0,30,101,70,25.92417812347412,False
9,4,1.0,50.0,79,101,82,51.24443745613098,False
4,4,1.0,70.0,74,101,75,47.18215227127075,False
11,2,1.0,70.0,78,101,69,48.907623291015625,False
11,4,1.0,50.0,72,101,71,46.10968732833862,False
7,7,1.0,20.0,84,101,68,54.949891805648804,False
2,8,1.0,50.0,73,101,90,46.1843798160553,False
11,2,,10.0,71,101,67,40.048155784606934,False
5,8,,40.0,25,101,63,24.785956859588623,False
10,4,1.0,60.0,70,101,79,45.589974880218506,False
5,7,1.0,,66,101,65,43.085875272750854,False
7,6,,30.0,41,101,74,30.2022123336792,False
7,7,1.0,40.0,86,101,66,50.56518769264221,False
2,2,1.0,60.0,71,101,85,45.884748697280884,False
8,5,,50.0,30,101,86,25.91694951057434,False
7,6,,,100,101,71,49.70645356178284,False
4,7,1.0,70.0,73,101,83,47.06566882133484,False
4,7,,30.0,36,101,81,28.450278997421265,False
7,4,,60.0,31,101,63,26.45438551902771,False
2,0,1.0,20.0,87,101,86,51.13862061500549,False
2,2,1.0,70.0,71,101,85,46.18255829811096,False
11,5,1.0,70.0,87,101,67,52.091431856155396,False
3,5,,,100,101,88,49.84833526611328,False
4,8,1.0,30.0,91,101,81,53.359354734420776,False
0,8,1.0,20.0,86,101,76,50.98121523857117,False
5,4,,30.0,42,101,73,30.557246446609497,False
4,5,1.0,70.0,79,101,75,48.86880135536194,False
4,9,,20.0,53,101,73,34.170939922332764,False
0,4,1.0,20.0,84,101,74,50.141011238098145,False
1,0,1.0,50.0,77,101,78,47.364511251449585,False
4,4,,40.0,33,101,71,27.71260356903076,False
4,9,1.0,20.0,91,101,77,53.03140449523926,False
7,2,1.0,,68,101,78,43.64587116241455,False
4,9,,30.0,42,101,68,30.51262927055359,False
0,6,1.0,30.0,87,101,69,51.46452522277832,False
6,4,1.0,70.0,68,101,71,45.248889684677124,False
9,3,,30.0,41,101,84,30.37734031677246,False
2,8,1.0,10.0,92,101,90,52.76460099220276,False
3,7,,70.0,24,101,86,24.50876498222351,False
0,3,1.0,50.0,86,101,78,50.666463136672974,False
7,7,,10.0,65,101,70,38.06116056442261,False
0,8,1.0,70.0,70,101,67,45.95685839653015,False
9,1,1.0,10.0,86,101,86,50.73520064353943,False
2,3,,20.0,60,101,84,36.546632051467896,False
5,4,,50.0,33,101,66,26.94737982749939,False
2,2,,60.0,30,101,82,26.033540964126587,False
4,9,,50.0,26,101,72,24.467806577682495,False
3,6,1.0,40.0,81,101,84,48.72685217857361,False
11,5,1.0,50.0,79,101,66,48.496928691864014,False
6,9,,60.0,28,101,52,25.53120255470276,False
1,3,1.0,10.0,90,101,70,51.881671667099,False
7,6,,60.0,28,101,68,25.494360208511353,False
5,3,,50.0,43,101,72,30.39353036880493,False
11,0,,30.0,41,101,64,30.243226766586304,False
0,9,1.0,70.0,75,101,71,47.76186680793762,False
5,9,,10.0,61,101,70,36.48358702659607,False
8,7,1.0,,71,101,82,44.841877698898315,False
3,5,,70.0,31,101,85,26.945571899414062,False
7,0,,,100,101,78,49.65382099151611,False
7,8,1.0,70.0,76,101,73,48.26597332954407,False
10,2,,10.0,74,101,71,43.880064725875854,False
6,5,,50.0,29,101,66,25.523261070251465,False
5,8,,60.0,29,101,63,25.77025842666626,False
4,3,,70.0,20,101,80,23.00891399383545,False
9,4,1.0,30.0,82,101,80,50.15715265274048,False
5,9,,50.0,40,101,72,29.305331230163574,False
7,6,1.0,30.0,90,101,72,52.88946223258972,False
1,9,1.0,70.0,81,101,76,54.81931805610657,False
0,3,,50.0,27,101,77,25.745691061019897,False
10,7,1.0,50.0,87,101,66,51.297648191452026,False
1,5,1.0,50.0,77,101,81,47.57577157020569,False
9,2,,60.0,25,101,78,24.501150131225586,False
11,4,,70.0,21,101,58,23.361217975616455,False
4,9,,60.0,26,101,69,24.7437481880188,False
2,1,1.0,60.0,76,101,82,47.61810517311096,False
4,4,1.0,30.0,86,101,82,51.321908473968506,False
11,6,1.0,20.0,85,101,74,51.02226781845093,False
0,7,,60.0,27,101,75,25.19925808906555,False
3,8,,60.0,27,101,84,24.966724157333374,False
5,8,1.0,70.0,74,101,72,47.321508169174194,False
6,7,1.0,10.0,90,101,72,51.9953989982605,False
8,2,,50.0,32,101,76,26.508890867233276,False
1,4,,30.0,34,101,71,27.844221830368042,False
8,5,1.0,40.0,84,101,80,49.812103271484375,False
8,1,,20.0,43,101,85,30.669531106948853,False
7,4,1.0,60.0,82,101,74,49.66831731796265,False
8,0,1.0,50.0,79,101,87,48.3330442905426,False
0,8,,30.0,41,101,68,30.235652208328247,False
10,5,,40.0,27,101,64,24.17158031463623,False
4,4,1.0,50.0,81,101,75,49.29343891143799,False
0,6,1.0,20.0,89,101,69,51.96504068374634,False
9,1,,50.0,29,101,74,25.621864318847656,False
6,3,1.0,40.0,86,101,72,50.573185205459595,False
11,3,1.0,60.0,82,101,67,49.890263080596924,False
9,2,,,100,101,87,49.71479916572571,False
11,9,1.0,50.0,77,101,65,47.98317265510559,False
7,1,,10.0,64,101,75,37.66058111190796,False
6,3,1.0,,70,101,70,44.560282707214355,False
1,3,1.0,20.0,84,101,70,50.37408971786499,False
0,2,1.0,60.0,76,101,67,47.46273708343506,False
11,1,,70.0,24,101,70,24.354918003082275,False
4,1,1.0,30.0,76,101,72,47.83016586303711,False
0,3,1.0,40.0,86,101,78,50.79384732246399,False
10,4,1.0,10.0,92,101,79,52.79099655151367,False
3,1,1.0,60.0,73,101,83,50.635181188583374,False
3,0,,10.0,58,101,85,35.414594411849976,False
3,7,1.0,50.0,82,101,86,49.41085481643677,False
5,9,,30.0,40,101,68,34.82879877090454,False
2,3,,10.0,68,101,83,41.13711643218994,False
2,1,,30.0,30,101,86,26.3576557636261,False
11,3,,50.0,31,101,63,26.20194721221924,False
7,3,1.0,20.0,83,101,67,50.122782707214355,False
3,5,,50.0,40,101,85,30.643632650375366,False
10,0,1.0,30.0,85,101,80,51.05222129821777,False
5,2,,60.0,30,101,68,26.062554359436035,False
5,8,1.0,20.0,92,101,71,53.07779669761658,False
10,3,1.0,60.0,87,101,74,51.587414026260376,False
0,9,1.0,30.0,80,101,76,54.539987087249756,False
9,7,1.0,60.0,78,101,81,48.669806241989136,False
2,4,,30.0,43,101,87,30.947954654693604,False
3,7,,30.0,35,101,86,28.19904851913452,False
2,7,1.0,60.0,80,101,83,49.031389236450195,False
6,4,1.0,10.0,93,101,70,53.108376264572144,False
10,8,1.0,70.0,83,101,71,50.55481147766113,False
11,7,1.0,30.0,81,101,69,49.716110944747925,False
10,0,1.0,40.0,75,101,71,46.56601142883301,False
6,6,1.0,50.0,95,101,70,54.09672808647156,False
2,0,1.0,60.0,65,101,85,43.665894508361816,False
6,8,,60.0,32,101,71,26.864807605743408,False
1,9,1.0,60.0,79,101,76,48.77134990692139,False
11,2,1.0,10.0,95,101,65,57.36693549156189,False
7,7,,20.0,45,101,66,31.45715308189392,False
2,1,1.0,30.0,71,101,83,46.012306690216064,False
4,5,,20.0,52,101,74,33.76313829421997,False
6,3,,70.0,26,101,60,25.117830753326416,False
2,8,,30.0,42,101,88,30.661513090133667,False
10,5,1.0,70.0,80,101,73,49.48495960235596,False
2,0,,20.0,55,101,83,34.69204592704773,False
1,8,,20.0,45,101,80,31.269245147705078,False
2,2,1.0,40.0,84,101,85,49.68577170372009,False
6,7,,50.0,35,101,65,27.6959171295166,False
7,5,1.0,50.0,77,101,76,47.77267003059387,False
3,4,,70.0,27,101,86,25.625768899917603,False
0,7,,10.0,56,101,71,34.72631072998047,False
10,3,,40.0,51,101,67,32.249449014663696,False
7,5,1.0,20.0,88,101,75,51.93952131271362,False
8,4,1.0,70.0,76,101,78,48.08706784248352,False
11,4,,40.0,31,101,70,25.666117906570435,False
11,6,1.0,10.0,96,101,74,54.26919078826904,False
2,3,,70.0,36,101,86,28.459600687026978,False
2,5,1.0,30.0,80,101,87,49.103734493255615,False
6,0,1.0,,59,101,55,41.83221983909607,False
2,4,,,100,101,82,49.48254895210266,False
8,8,1.0,20.0,91,101,77,52.937127351760864,False
10,6,,60.0,30,101,73,26.159886121749878,False
5,9,1.0,70.0,78,101,77,48.95672106742859,False
3,5,1.0,50.0,80,101,89,48.741732358932495,False
4,0,1.0,30.0,76,101,79,47.71384286880493,False
0,5,1.0,20.0,83,101,72,49.80109977722168,False
1,0,,60.0,30,101,69,25.900189638137817,False
7,8,,50.0,33,101,71,26.788443088531494,False
0,7,1.0,,69,101,65,44.836379051208496,False
10,9,1.0,60.0,80,101,76,49.2055766582489,False
3,6,,40.0,29,101,85,26.419445037841797,False
3,5,,20.0,52,101,84,33.83306670188904,False
4,3,,30.0,42,101,78,30.536516189575195,False
4,9,1.0,10.0,93,101,77,53.10987401008606,False
9,1,,30.0,26,101,83,25.043633699417114,False
8,6,,10.0,59,101,77,35.91769862174988,False
8,7,1.0,60.0,76,101,81,47.45011806488037,False
4,2,1.0,10.0,90,101,80,51.98837614059448,False
1,0,1.0,10.0,92,101,82,52.40757989883423,False
7,4,,50.0,37,101,63,28.39649724960327,False
1,3,,30.0,39,101,76,29.610716819763184,False
8,3,1.0,70.0,78,101,87,48.75602197647095,False
2,4,,20.0,50,101,87,33.04207491874695,False
1,4,1.0,20.0,86,101,77,51.04086637496948,False
9,1,,70.0,28,101,74,25.692200183868408,False
6,2,,50.0,32,101,62,28.28202176094055,False
9,0,,40.0,31,101,81,33.04937243461609,False
1,4,,60.0,34,101,86,27.55781841278076,False
7,1,1.0,20.0,90,101,73,52.481013774871826,False
9,1,,,100,101,84,49.732755184173584,False
8,0,,30.0,38,101,86,28.972658395767212,False
2,9,1.0,10.0,87,101,86,50.970296144485474,False
6,8,,50.0,40,101,69,29.350378036499023,False
9,7,1.0,10.0,93,101,81,53.147911071777344,False
1,2,1.0,40.0,81,101,81,48.792596101760864,False
10,2,1.0,70.0,82,101,74,50.186023235321045,False
1,3,,60.0,27,101,72,25.120673418045044,False
10,1,,50.0,30,101,75,25.820887088775635,False
5,7,,60.0,30,101,73,26.108433485031128,False
0,4,1.0,10.0,97,101,69,54.32257962226868,False
0,6,1.0,,52,101,72,37.9877552986145,False
2,6,,,100,101,84,49.70749878883362,False
5,4,1.0,10.0,92,101,76,52.75272035598755,False
6,9,,70.0,19,101,60,22.666542768478394,False
11,3,,10.0,59,101,71,35.865171909332275,False
10,1,1.0,10.0,94,101,73,53.49972176551819,False
9,1,,10.0,56,101,82,34.83927655220032,False
6,7,,,100,101,65,49.616655111312866,False
3,6,,20.0,44,101,81,31.041094064712524,False
9,4,,50.0,27,101,81,24.893230676651,False
4,8,1.0,,64,101,70,43.62460684776306,False
9,8,,,100,101,82,49.74886751174927,False
8,5,1.0,30.0,88,101,76,52.04664063453674,False
7,2,,,100,101,67,49.67424654960632,False
2,4,1.0,70.0,52,101,81,39.43298816680908,False
8,6,1.0,70.0,81,101,83,49.74221181869507,False
1,7,1.0,20.0,83,101,81,49.98419642448425,False
11,0,,40.0,29,101,61,24.915650606155396,False
2,0,1.0,40.0,66,101,85,43.08735942840576,False
7,0,,60.0,26,101,71,24.536107301712036,False
0,3,1.0,60.0,86,101,78,51.04796814918518,False
0,0,,50.0,28,101,68,25.16584873199463,False
11,3,1.0,,77,101,59,46.96356725692749,False
5,2,1.0,20.0,77,101,76,47.886704444885254,False
3,8,1.0,60.0,79,101,90,48.88223314285278,False
9,2,1.0,60.0,81,101,86,49.24098467826843,False
1,4,1.0,70.0,71,101,79,46.20961928367615,False
3,8,1.0,10.0,90,101,90,51.8754448890686,False
10,6,,70.0,32,101,71,27.221629858016968,False
5,2,1.0,,66,101,76,42.99017405509949,False
5,4,,60.0,35,101,73,27.798194885253906,False
1,9,1.0,40.0,77,101,76,47.332520723342896,False
6,8,1.0,70.0,69,101,61,45.5435905456543,False
3,1,1.0,10.0,94,101,86,53.36084342002869,False
3,0,,20.0,49,101,88,36.40918564796448,False
9,6,,60.0,26,101,80,24.83379054069519,False
5,6,1.0,60.0,79,101,69,48.783382177352905,False
11,2,,70.0,26,101,62,25.02613401412964,False
5,5,1.0,60.0,81,101,78,49.47639322280884,False
10,5,,,100,101,76,50.6153085231781,False
0,1,1.0,50.0,87,101,75,50.99541401863098,False
1,8,1.0,50.0,80,101,79,48.69352316856384,False
1,8,,60.0,35,101,79,28.026352167129517,False
9,6,1.0,40.0,79,101,83,48.94067859649658,False
4,6,1.0,50.0,87,101,79,51.40551948547363,False
9,8,1.0,50.0,73,101,82,46.40454936027527,False
11,3,1.0,50.0,82,101,67,49.525063037872314,False
8,8,1.0,,62,101,79,41.72211837768555,False
9,1,,40.0,30,101,83,26.754973649978638,False
10,1,,40.0,44,101,80,31.517849683761597,False
4,3,,60.0,32,101,76,26.67563486099243,False
0,8,,20.0,47,101,66,31.884591817855835,False
9,1,1.0,60.0,82,101,80,49.6620397567749,False
6,8,1.0,10.0,89,101,66,51.687278032302856,False
5,8,1.0,30.0,92,101,71,53.58161401748657,False
10,9,,30.0,46,101,72,32.177738189697266,False
6,0,,70.0,25,101,45,24.60828447341919,False
8,8,1.0,50.0,78,101,80,48.14286756515503,False
0,9,,20.0,45,101,71,31.287987232208252,False
2,7,,70.0,26,101,86,25.054290294647217,False
11,9,,50.0,30,101,65,25.91859722137451,False
5,7,,70.0,31,101,73,26.94886088371277,False
3,4,1.0,40.0,75,101,83,46.960854053497314,False
1,6,1.0,,51,101,77,37.78718328475952,False
2,6,1.0,60.0,70,101,87,45.453442096710205,False
7,3,,,100,101,76,50.24457859992981,False
5,1,,40.0,39,101,66,29.62751841545105,False
2,6,1.0,,56,101,89,39.54883527755737,False
9,0,1.0,10.0,91,101,87,52.382808446884155,False
3,5,1.0,70.0,80,101,89,49.266562938690186,False
2,1,,50.0,32,101,78,26.57588243484497,False
9,7,1.0,40.0,77,101,81,47.41030430793762,False
0,0,,70.0,30,101,68,26.50269389152527,False
3,5,,10.0,69,101,84,39.3040554523468,False
4,6,1.0,,57,101,76,39.87719798088074,False
1,9,1.0,,54,101,73,38.80239415168762,False
5,8,,30.0,44,101,68,31.340657711029053,False
11,3,1.0,40.0,82,101,67,49.17711615562439,False
1,0,,50.0,30,101,69,26.855793714523315,False
0,9,,10.0,65,101,70,37.88917875289917,False
10,6,1.0,20.0,88,101,76,51.83722114562988,False
7,8,1.0,30.0,82,101,73,50.080344438552856,False
6,2,1.0,40.0,84,101,67,49.72885179519653,False
9,5,1.0,70.0,84,101,81,50.95677876472473,False
8,0,1.0,30.0,84,101,84,50.5317497253418,False
7,4,,30.0,43,101,67,30.90416646003723,False
10,3,1.0,50.0,88,101,81,51.55437874794006,False
3,9,1.0,10.0,87,101,85,50.878907680511475,False
10,4,,70.0,29,101,71,26.21567988395691,False
5,9,1.0,,55,101,69,39.24027061462402,False
3,7,,40.0,32,101,86,27.32980990409851,False
10,8,,60.0,29,101,75,25.938363075256348,False
10,7,,10.0,69,101,69,39.40469813346863,False
4,8,1.0,50.0,77,101,71,47.9218270778656,False
7,8,,60.0,33,101,71,27.376659154891968,False
9,3,1.0,60.0,78,101,85,48.211310148239136,False
10,1,,,100,101,76,49.767051219940186,False
6,6,1.0,60.0,80,101,69,49.227757930755615,False
1,2,1.0,60.0,73,101,78,46.43353462219238,False
8,0,,,100,101,84,49.828309059143066,False
10,6,1.0,40.0,90,101,76,53.002037048339844,False
0,9,1.0,20.0,85,101,76,50.675922870635986,False
9,6,1.0,30.0,91,101,82,53.18481159210205,False
7,0,,30.0,41,101,73,30.09130334854126,False
2,0,1.0,70.0,65,101,85,44.029359340667725,False
1,3,,50.0,22,101,76,23.036276817321777,False
7,0,,20.0,51,101,73,33.29293918609619,False
1,7,,70.0,34,101,71,27.859858751296997,False
9,2,,50.0,25,101,78,26.00797200202942,False
11,9,,20.0,58,101,63,36.02666664123535,False
1,8,1.0,70.0,80,101,79,49.37259483337402,False
0,8,,70.0,25,101,73,29.03257727622986,False
4,8,1.0,10.0,91,101,81,52.45404601097107,False
11,7,,60.0,32,101,60,26.795777082443237,False
7,4,1.0,,71,101,78,46.320682764053345,False
1,3,1.0,40.0,86,101,79,50.40956974029541,False
1,5,1.0,30.0,73,101,76,46.8428852558136,False
3,6,,50.0,36,101,80,27.86846923828125,False
5,8,,,100,101,72,49.754677534103394,False
4,0,1.0,10.0,95,101,79,53.62196493148804,False
4,2,1.0,40.0,89,101,80,51.448657512664795,False
3,7,1.0,70.0,72,101,86,51.53146433830261,False
2,6,,10.0,65,101,89,37.98799467086792,False
2,3,,30.0,42,101,85,30.600440502166748,False
1,2,,20.0,53,101,81,34.01676869392395,False
9,0,1.0,20.0,80,101,87,48.833258390426636,False
2,2,,20.0,56,101,85,35.098116874694824,False
2,7,1.0,50.0,81,101,83,49.06254291534424,False
4,2,,10.0,76,101,77,41.806230783462524,False
4,1,,10.0,69,101,81,39.35936522483826,False
11,8,1.0,10.0,95,101,63,54.01729154586792,False
7,3,1.0,50.0,80,101,80,48.83723974227905,False
8,6,,40.0,36,101,85,28.666672706604004,False
11,5,1.0,30.0,75,101,72,47.60751676559448,False
10,2,,30.0,48,101,73,32.71141338348389,False
6,3,1.0,60.0,82,101,71,49.93187737464905,False
10,3,1.0,20.0,82,101,79,49.752917766571045,False
7,0,,70.0,31,101,66,26.731507539749146,False
11,3,,40.0,31,101,72,25.79127597808838,False
7,3,1.0,30.0,87,101,79,51.88699269294739,False
0,8,1.0,50.0,68,101,67,44.3521568775177,False
9,3,,10.0,62,101,85,36.93596124649048,False
8,2,,60.0,27,101,79,28.657220363616943,False
10,5,1.0,,61,101,75,41.36185312271118,False
8,9,1.0,30.0,85,101,80,51.29707646369934,False
5,4,1.0,30.0,83,101,73,50.39188861846924,False
8,3,1.0,30.0,87,101,83,51.676433801651,False
1,1,1.0,40.0,86,101,76,50.392239809036255,False
4,8,1.0,20.0,77,101,81,47.99183988571167,False
3,7,1.0,20.0,81,101,87,49.316407918930054,False
1,0,1.0,70.0,77,101,78,48.21878981590271,False
1,6,1.0,20.0,91,101,74,52.671087980270386,False
0,7,,20.0,44,101,76,30.9013454914093,False
0,7,,50.0,32,101,75,26.487491846084595,False
1,6,1.0,30.0,89,101,74,52.42076373100281,False
10,3,,,100,101,63,49.82408142089844,False
5,3,,20.0,53,101,70,34.19954442977905,False
5,9,,,100,101,75,49.99069142341614,False
9,3,1.0,50.0,69,101,83,45.13913559913635,False
11,8,,10.0,66,101,70,38.48175048828125,False
1,1,1.0,,56,101,81,39.28753399848938,False
10,8,,10.0,66,101,62,38.39316487312317,False
8,7,1.0,30.0,83,101,82,50.52341079711914,False
1,7,,30.0,38,101,75,29.261665105819702,False
8,0,,60.0,32,101,87,26.67252516746521,False
7,8,,10.0,64,101,69,37.6451690196991,False
4,8,,40.0,28,101,83,25.888349056243896,False
4,5,1.0,30.0,79,101,80,48.90851807594299,False
8,0,1.0,40.0,85,101,87,50.16331720352173,False
2,2,,10.0,66,101,84,38.32328248023987,False
2,7,1.0,30.0,84,101,83,50.55760192871094,False
7,6,,10.0,72,101,70,40.50472450256348,False
11,8,,20.0,45,101,59,31.47767186164856,False
0,3,,10.0,62,101,75,36.81957221031189,False
5,5,,20.0,55,101,69,34.92386341094971,False
6,9,1.0,40.0,81,101,70,49.31755995750427,False
4,5,1.0,,56,101,75,39.51038122177124,False
6,3,1.0,10.0,91,101,68,52.382044076919556,False
0,4,,20.0,44,101,71,30.91075086593628,False
10,0,1.0,20.0,88,101,80,51.83966684341431,False
10,0,1.0,70.0,75,101,71,47.66057586669922,False
2,6,1.0,10.0,96,101,87,54.146764039993286,False
6,6,1.0,70.0,80,101,69,49.370741844177246,False
6,9,1.0,60.0,81,101,70,49.563687801361084,False
3,6,,30.0,36,101,85,28.54105567932129,False
5,6,,50.0,44,101,72,30.60611343383789,False
3,8,,,100,101,87,49.91778111457825,False
10,0,1.0,60.0,75,101,71,47.17058873176575,False
10,3,,70.0,24,101,74,24.426422119140625,False
2,5,1.0,50.0,78,101,87,47.930832386016846,False
9,9,,10.0,66,101,83,38.45409274101257,False
6,0,,20.0,44,101,66,30.921062707901,False
7,9,1.0,50.0,89,101,68,52.074896812438965,False
2,3,1.0,70.0,77,101,87,48.14833664894104,False
8,8,1.0,60.0,76,101,81,47.590527057647705,False
8,4,,60.0,28,101,87,25.48649501800537,False
8,0,,10.0,75,101,84,41.39877271652222,False
5,0,1.0,40.0,83,101,70,49.88597536087036,False
2,0,,10.0,70,101,81,39.61351203918457,False
7,7,1.0,,57,101,68,39.959474086761475,False
9,6,,30.0,49,101,78,33.09896421432495,False
6,2,1.0,50.0,82,101,65,49.44773983955383,False
8,4,1.0,,75,101,79,46.227155923843384,False
11,2,1.0,60.0,78,101,69,48.6251003742218,False
7,5,,10.0,66,101,77,38.39813184738159,False
11,3,,30.0,54,101,71,34.78023910522461,False
11,1,,60.0,24,101,70,24.028743267059326,False
10,9,1.0,40.0,84,101,76,49.766974449157715,False
5,8,1.0,60.0,79,101,72,48.66535234451294,False
11,6,,,100,101,63,49.722228050231934,False
4,8,1.0,60.0,80,101,71,49.247395277023315,False
4,9,1.0,50.0,77,101,76,47.84363102912903,False
3,6,,70.0,29,101,83,26.199830532073975,False
1,3,1.0,70.0,84,101,79,50.67451333999634,False
9,5,1.0,30.0,84,101,79,50.85370230674744,False
6,2,1.0,,67,101,63,43.375959396362305,False
7,3,,60.0,41,101,70,29.940671920776367,False
1,9,,10.0,54,101,79,34.087109088897705,False
4,5,1.0,50.0,80,101,75,48.77425026893616,False
9,6,,40.0,37,101,85,29.25300693511963,False
7,5,,,100,101,74,49.70936107635498,False
6,6,,60.0,20,101,56,22.694576501846313,False
2,9,,30.0,37,101,82,28.88347029685974,False
10,6,1.0,30.0,81,101,76,49.843361139297485,False
1,6,1.0,40.0,73,101,78,45.73428416252136,False
9,1,1.0,20.0,81,101,86,49.213523626327515,False
4,7,1.0,30.0,84,101,80,55.92877459526062,False
0,5,,60.0,28,101,70,25.496240854263306,False
9,0,1.0,40.0,82,101,89,49.114036083221436,False
7,0,1.0,60.0,67,101,69,44.28799057006836,False
5,7,,30.0,40,101,72,29.783127307891846,False
6,1,1.0,70.0,55,101,69,40.60251474380493,False
2,9,1.0,30.0,80,101,86,49.473109006881714,False
1,6,,20.0,50,101,74,33.0837824344635,False
1,4,,50.0,34,101,86,27.17741823196411,False
6,2,,10.0,64,101,64,37.72105121612549,False
10,9,,,100,101,75,49.676010608673096,False
1,2,1.0,10.0,90,101,82,51.8066508769989,False
10,4,1.0,20.0,95,101,78,54.28073859214783,False
10,1,,60.0,26,101,63,28.53621006011963,False
0,5,,,100,101,73,49.50479602813721,False
9,0,,50.0,37,101,86,28.262632846832275,False
0,1,,40.0,39,101,76,29.766463041305542,False
8,2,1.0,30.0,86,101,86,51.33785629272461,False
11,0,,,100,101,73,50.49725580215454,False
11,8,1.0,50.0,77,101,70,47.793166637420654,False
11,3,1.0,70.0,82,101,67,50.29831075668335,False
3,9,,10.0,67,101,82,38.686410903930664,False
11,7,1.0,10.0,87,101,69,51.0568733215332,False
7,4,,40.0,38,101,69,29.452237606048584,False
10,2,,40.0,30,101,78,30.783894300460815,False
1,0,,40.0,43,101,77,31.05929136276245,False
5,7,1.0,70.0,67,101,67,44.94198298454285,False
4,3,1.0,10.0,89,101,81,51.63565468788147,False
4,5,1.0,20.0,88,101,80,51.956504583358765,False
11,8,1.0,60.0,73,101,61,46.71734261512756,False
1,8,,10.0,66,101,82,38.32203435897827,False
1,1,,60.0,32,101,69,26.761346101760864,False
5,3,,,100,101,76,49.632139682769775,False
2,5,,70.0,27,101,90,25.401899576187134,False
3,4,1.0,50.0,75,101,83,46.971186876297,False
8,5,,60.0,33,101,86,27.11802363395691,False
9,5,1.0,20.0,89,101,79,52.38308644294739,False
2,0,,50.0,38,101,86,28.542956829071045,False
9,2,,30.0,35,101,70,28.15903401374817,False
3,7,1.0,10.0,87,101,87,50.908236265182495,False
3,3,1.0,10.0,89,101,82,51.541280031204224,False
7,8,1.0,40.0,75,101,73,47.49653363227844,False
10,2,,60.0,25,101,70,24.51361393928528,False
2,9,,40.0,45,101,82,31.729384660720825,False
11,7,,40.0,46,101,66,31.00582766532898,False
11,6,,20.0,46,101,70,31.812155723571777,False
5,2,,40.0,35,101,74,28.298581838607788,False
5,9,1.0,10.0,100,101,79,55.651933670043945,False
4,7,,40.0,28,101,83,25.92328691482544,False
6,1,1.0,50.0,66,101,69,46.274527072906494,False
0,7,1.0,20.0,89,101,71,52.06053638458252,False
3,8,1.0,30.0,76,101,90,47.902267932891846,False
10,9,1.0,30.0,90,101,73,53.00795125961304,False
6,0,1.0,40.0,82,101,67,48.978111028671265,False
5,6,1.0,20.0,89,101,70,52.14642286300659,False
11,4,1.0,,62,101,74,41.68255400657654,False
4,7,,10.0,69,101,75,41.56479358673096,False
9,5,1.0,,76,101,79,46.4354681968689,False
7,5,1.0,30.0,89,101,75,52.50726127624512,False
11,1,,,100,101,69,49.74428200721741,False
5,3,1.0,,57,101,69,39.85832142829895,False
8,9,,70.0,32,101,85,27.16952633857727,False
3,6,,10.0,61,101,82,36.50567102432251,False
5,3,,30.0,39,101,74,29.51925015449524,False
4,5,,30.0,41,101,80,30.188389539718628,False
10,1,,70.0,25,101,66,24.813516855239868,False
3,4,1.0,70.0,77,101,83,48.26451110839844,False
5,8,,10.0,63,101,75,37.20059013366699,False
11,2,1.0,,58,101,60,42.10159516334534,False
11,0,1.0,,77,101,65,46.82830500602722,False
5,4,1.0,20.0,85,101,73,50.70399069786072,False
7,4,1.0,70.0,82,101,75,50.349146366119385,False
0,5,1.0,30.0,88,101,72,51.8722128868103,False
8,3,1.0,60.0,86,101,87,51.205952644348145,False
8,9,1.0,70.0,80,101,80,49.42470121383667,False
0,9,,30.0,44,101,71,31.257981777191162,False
10,7,,60.0,41,101,73,30.056130170822144,False
3,1,,,100,101,86,49.438008308410645,False
7,1,,20.0,49,101,74,36.79335308074951,False
11,3,,70.0,25,101,55,24.730265140533447,False
8,9,1.0,60.0,80,101,80,48.822999238967896,False
0,4,,10.0,75,101,75,41.437883615493774,False
0,4,1.0,,52,101,70,38.02948307991028,False
7,0,,50.0,44,101,76,30.565803289413452,False
0,6,,40.0,42,101,70,30.57529616355896,False
2,8,,70.0,30,101,88,26.35291290283203,False
8,7,,50.0,33,101,84,26.969383239746094,False
7,7,,30.0,44,101,72,31.243738651275635,False
0,9,1.0,50.0,67,101,73,44.01168775558472,False
10,1,1.0,30.0,85,101,73,51.14036202430725,False
5,8,,50.0,28,101,63,25.138543128967285,False
11,6,,50.0,29,101,64,25.59954047203064,False
5,2,1.0,40.0,84,101,79,49.7566864490509,False
7,7,1.0,30.0,84,101,68,50.74895691871643,False
4,6,,60.0,28,101,83,28.686342477798462,False
5,1,,20.0,58,101,74,35.96495819091797,False
8,4,,30.0,39,101,83,29.665760278701782,False
1,8,1.0,30.0,77,101,81,48.242120027542114,False
7,1,,30.0,43,101,73,30.918290376663208,False
3,4,,10.0,62,101,80,38.93224906921387,False
3,3,,30.0,34,101,82,27.599858283996582,False
11,0,1.0,40.0,81,101,68,48.65975308418274,False
3,1,1.0,20.0,85,101,86,50.72101068496704,False
4,6,,20.0,47,101,82,32.0520224571228,False
11,5,,10.0,76,101,68,41.85600543022156,False
8,2,1.0,10.0,87,101,85,50.914722204208374,False
6,2,1.0,20.0,81,101,68,49.39752006530762,False
6,5,,20.0,52,101,71,33.80855965614319,False
1,6,,30.0,41,101,69,30.32178020477295,False
2,0,,,100,101,81,49.41873836517334,False
3,0,,50.0,37,101,87,28.171622276306152,False
0,4,,50.0,46,101,76,31.318028211593628,False
3,3,1.0,40.0,83,101,84,49.4125657081604,False
8,8,,60.0,24,101,84,24.102755308151245,False
10,6,,10.0,61,101,76,36.65149974822998,False
7,4,1.0,20.0,88,101,79,51.848323583602905,False
10,0,,30.0,44,101,73,31.185861587524414,False
10,4,,50.0,24,101,70,23.831218957901,False
3,0,1.0,40.0,68,101,88,44.02691030502319,False
8,2,,40.0,24,101,85,24.473846197128296,False
2,8,,20.0,46,101,88,31.626798629760742,False
8,3,,50.0,29,101,78,25.535913228988647,False
11,7,1.0,,70,101,69,44.58295440673828,False
2,9,1.0,50.0,76,101,82,47.203060150146484,False
1,8,1.0,10.0,87,101,79,50.9432897567749,False
6,8,,20.0,55,101,67,34.77224159240723,False
7,5,,70.0,29,101,72,26.109014749526978,False
10,5,1.0,40.0,85,101,73,50.19861388206482,False
4,9,1.0,60.0,82,101,78,49.80874848365784,False
5,3,1.0,20.0,88,101,75,51.76065635681152,False
3,0,1.0,50.0,75,101,88,46.78813433647156,False
8,0,1.0,20.0,95,101,83,54.149001598358154,False
8,5,,,100,101,88,49.73626637458801,False
4,4,,70.0,29,101,72,26.096905946731567,False
4,3,,50.0,36,101,75,29.34612798690796,False
9,9,1.0,,76,101,78,46.56359124183655,False
7,0,1.0,,62,101,76,41.63872265815735,False
3,9,1.0,50.0,73,101,83,46.204021692276,False
11,2,,40.0,34,101,59,26.75473690032959,False
10,2,1.0,50.0,81,101,74,49.072184562683105,False
11,1,1.0,30.0,86,101,74,51.45142936706543,False
11,6,,60.0,30,101,70,26.20543909072876,False
10,0,1.0,10.0,84,101,80,49.87276363372803,False
7,8,1.0,10.0,92,101,73,52.75264501571655,False
3,9,1.0,20.0,81,101,85,49.28883171081543,False
2,3,1.0,40.0,81,101,87,48.90891933441162,False
7,0,,10.0,65,101,74,38.02165484428406,False
4,4,1.0,20.0,84,101,82,50.45509362220764,False
10,6,1.0,10.0,93,101,76,53.13490319252014,False
11,2,1.0,40.0,79,101,68,48.107409715652466,False
7,2,1.0,30.0,84,101,78,50.84810733795166,False
6,4,1.0,40.0,93,101,68,52.901885747909546,False
10,4,1.0,,74,101,75,47.644548177719116,False
1,6,1.0,60.0,72,101,78,50.115195751190186,False
6,8,,,100,101,58,50.15634536743164,False
3,8,,40.0,37,101,85,29.059648275375366,False
9,9,,70.0,23,101,80,28.874816179275513,False
0,4,1.0,30.0,87,101,77,51.5141327381134,False
7,5,,30.0,40,101,65,29.814889669418335,False
7,0,1.0,10.0,94,101,77,53.17083764076233,False
11,1,1.0,10.0,94,101,74,53.44626045227051,False
1,8,1.0,60.0,80,101,79,49.110020875930786,False
5,2,,30.0,47,101,74,32.31035614013672,False
7,2,,10.0,68,101,79,39.01234579086304,False
2,0,,30.0,37,101,86,28.774086952209473,False
11,6,,40.0,35,101,57,27.19753861427307,False
7,7,,,100,101,75,49.688058376312256,False
3,8,1.0,70.0,79,101,90,49.07709264755249,False
1,4,1.0,,57,101,79,39.819655895233154,False
5,1,,60.0,41,101,65,29.868492603302002,False
3,6,1.0,70.0,78,101,82,48.61803364753723,False
1,8,1.0,40.0,85,101,79,49.95132088661194,False
5,3,1.0,40.0,86,101,76,50.52573895454407,False
2,3,1.0,50.0,79,101,87,48.26406693458557,False
8,1,,40.0,27,101,81,25.49193525314331,False
4,8,,20.0,48,101,83,32.39193606376648,False
6,4,1.0,50.0,93,101,68,53.525978565216064,False
2,0,,60.0,34,101,86,27.38850212097168,False
2,5,,30.0,40,101,89,29.962344646453857,False
2,2,1.0,,54,101,84,38.82575297355652,False
6,1,,60.0,27,101,53,24.97675132751465,False
0,1,1.0,20.0,94,101,74,53.58608031272888,False
0,1,1.0,40.0,87,101,75,50.71815824508667,False
3,2,,50.0,26,101,88,24.422738552093506,False
2,8,1.0,70.0,64,101,90,43.79821538925171,False
7,1,1.0,60.0,91,101,70,52.73992347717285,False
5,0,,70.0,31,101,70,26.66026520729065,False
8,5,,20.0,59,101,82,36.24711513519287,False
1,2,1.0,70.0,70,101,78,45.74755811691284,False
10,7,,,100,101,70,49.76628351211548,False
6,0,1.0,30.0,88,101,68,51.86953616142273,False
8,5,,30.0,36,101,86,28.590007781982422,False
4,5,,,100,101,78,49.626538038253784,False
6,7,1.0,30.0,82,101,70,50.18249702453613,False
10,9,,10.0,65,101,72,38.01821517944336,False
0,0,1.0,10.0,90,101,76,51.60296106338501,False
4,6,,10.0,74,101,77,41.05794334411621,False
11,5,1.0,20.0,85,101,72,51.07578206062317,False
9,4,1.0,60.0,78,101,82,52.78403949737549,False
2,8,,50.0,30,101,88,25.85476064682007,False
0,8,,40.0,44,101,75,31.561062812805176,False
1,9,,70.0,30,101,80,26.377774715423584,False
7,0,1.0,30.0,86,101,77,51.3772988319397,False
6,5,1.0,70.0,83,101,67,50.37933826446533,False
9,9,,30.0,39,101,82,29.616740226745605,False
5,5,,10.0,68,101,63,38.94044494628906,False
10,8,,,100,101,72,49.736004114151,False
7,1,1.0,50.0,93,101,70,53.13298678398132,False
1,7,1.0,10.0,96,101,81,54.04205656051636,False
5,0,,50.0,35,101,68,27.433556079864502,False
3,0,,30.0,42,101,84,30.45620584487915,False
4,2,,20.0,54,101,80,34.491614818573,False
7,6,,50.0,28,101,68,25.14421820640564,False
2,2,1.0,10.0,94,101,83,53.47758960723877,False
8,5,1.0,50.0,74,101,80,46.76952838897705,False
4,2,1.0,60.0,86,101,80,51.21779179573059,False
8,4,,20.0,48,101,74,32.43477392196655,False
9,2,1.0,,76,101,86,46.60061717033386,False
2,0,,70.0,37,101,86,28.731324434280396,False
1,1,1.0,50.0,85,101,76,50.38697695732117,False
2,7,1.0,,54,101,80,38.83238673210144,False
4,1,1.0,60.0,81,101,76,49.31446933746338,False
5,1,,50.0,33,101,65,26.829213619232178,False
6,7,,10.0,66,101,62,38.344486474990845,False
0,3,,70.0,23,101,77,23.942559719085693,False
5,5,,30.0,38,101,71,29.166947841644287,False
7,3,,40.0,31,101,66,27.017348766326904,False
9,7,1.0,,67,101,81,43.43906235694885,False
2,5,1.0,40.0,78,101,87,47.57677340507507,False
2,2,,30.0,42,101,85,30.635442972183228,False
0,3,1.0,,69,101,81,43.96634840965271,False
11,2,,30.0,39,101,68,29.64856243133545,False
4,3,,,100,101,79,49.62150526046753,False
6,5,,,100,101,71,49.66498017311096,False
7,3,,10.0,68,101,77,41.361167192459106,False
0,8,1.0,30.0,86,101,76,51.159114837646484,False
7,6,,70.0,28,101,68,30.609620809555054,False
8,8,,10.0,61,101,85,36.63082194328308,False
11,8,1.0,20.0,95,101,65,54.56597185134888,False
11,4,,,100,101,67,49.732584953308105,False
2,9,,,100,101,79,49.50250267982483,False
4,7,,,100,101,78,49.61155104637146,False
5,6,,,100,101,70,49.63746213912964,False
2,7,1.0,20.0,79,101,83,52.973361015319824,False
1,3,,20.0,52,101,78,33.65616846084595,False
10,4,1.0,50.0,79,101,73,48.53094720840454,False
0,0,,,100,101,73,53.526201248168945,False
5,5,1.0,40.0,81,101,78,48.81203532218933,False
9,1,,20.0,53,101,85,34.071629762649536,False
9,0,,60.0,28,101,86,25.32485604286194,False
11,2,,20.0,49,101,62,32.717302322387695,False
9,9,,60.0,24,101,84,24.020880222320557,False
0,8,1.0,,54,101,72,38.76032066345215,False
1,3,1.0,50.0,86,101,79,52.81660342216492,False
3,9,,60.0,24,101,88,23.972944974899292,False
11,2,1.0,20.0,85,101,66,50.91038274765015,False
3,9,1.0,40.0,73,101,83,45.85440421104431,False
9,5,1.0,10.0,95,101,79,53.81719350814819,False
0,7,1.0,40.0,79,101,75,48.09917497634888,False
3,0,,40.0,38,101,87,29.04567289352417,False
9,3,1.0,30.0,82,101,82,50.117952823638916,False
8,1,,30.0,41,101,80,30.17940878868103,False
9,9,,40.0,34,101,78,28.183234214782715,False
9,4,1.0,40.0,82,101,82,49.09114384651184,False
10,0,1.0,50.0,81,101,71,48.87678003311157,False
7,2,1.0,40.0,86,101,79,50.443503856658936,False
8,0,,40.0,33,101,83,27.467230319976807,False
6,7,,70.0,28,101,66,25.871256589889526,False
2,3,1.0,,60,101,83,40.94780445098877,False
8,0,,70.0,34,101,87,27.846747875213623,False
0,0,1.0,60.0,77,101,69,47.42001748085022,False
0,6,1.0,40.0,84,101,79,49.69360375404358,False
9,2,,10.0,64,101,86,37.67286133766174,False
4,2,,,100,101,77,49.62768626213074,False
6,2,,20.0,42,101,66,30.310671091079712,False
7,2,1.0,60.0,85,101,79,50.70409679412842,False
4,9,1.0,70.0,80,101,78,49.41804766654968,False
1,5,1.0,60.0,75,101,81,47.18165731430054,False
1,5,,30.0,37,101,79,28.94575333595276,False
2,9,1.0,,73,101,82,46.77228093147278,False
1,1,,50.0,32,101,71,26.494216680526733,False
9,0,1.0,50.0,77,101,89,47.70985198020935,False
5,6,1.0,70.0,79,101,69,49.10792088508606,False
5,6,,30.0,51,101,76,33.68875193595886,False
11,5,1.0,60.0,77,101,66,48.246503591537476,False
3,7,1.0,60.0,72,101,86,46.28689360618591,False
10,3,,60.0,24,101,74,24.133760929107666,False
8,2,1.0,,72,101,84,45.173861265182495,False
4,8,1.0,70.0,80,101,71,49.43495273590088,False
3,6,1.0,,65,101,80,42.69369840621948,False
11,7,,,100,101,53,50.556994676589966,False
1,2,1.0,50.0,80,101,78,48.602078437805176,False
1,6,1.0,70.0,84,101,78,50.900646448135376,False
6,5,1.0,20.0,91,101,65,52.933915853500366,False
3,2,1.0,60.0,74,101,87,47.12187051773071,False
6,9,1.0,,78,101,65,47.27384352684021,False
1,0,,10.0,52,101,80,33.29705572128296,False
6,3,1.0,30.0,87,101,69,51.583277225494385,False
4,2,,60.0,35,101,73,27.798925161361694,False
9,3,1.0,40.0,81,101,81,48.80534267425537,False
9,7,1.0,70.0,83,101,79,50.57439970970154,False
10,0,,70.0,28,101,70,25.765814304351807,False
10,6,1.0,50.0,83,101,74,49.80098748207092,False
5,1,1.0,40.0,77,101,71,47.25072455406189,False
1,2,,,100,101,76,49.49277138710022,False
7,7,1.0,50.0,84,101,67,50.058173418045044,False
1,1,,40.0,33,101,81,27.612117767333984,False
5,7,1.0,30.0,88,101,72,52.17498826980591,False
5,3,,70.0,29,101,72,30.745125770568848,False
4,5,1.0,40.0,80,101,75,48.26076579093933,False
9,5,,30.0,33,101,80,27.469234704971313,False
9,9,1.0,30.0,87,101,79,51.80403661727905,False
1,9,,60.0,31,101,80,26.522396326065063,False
8,9,,50.0,36,101,75,28.04669451713562,False
1,2,1.0,20.0,78,101,82,48.3785445690155,False
6,5,1.0,10.0,92,101,66,52.717962980270386,False
7,6,,40.0,31,101,74,27.024821996688843,False
9,1,1.0,50.0,82,101,80,49.565040826797485,False
7,2,1.0,70.0,80,101,79,49.400131702423096,False
10,0,,,100,101,74,49.67500400543213,False
6,9,,40.0,40,101,50,30.19187879562378,False
8,9,1.0,10.0,97,101,80,54.60780930519104,False
11,2,1.0,50.0,78,101,69,48.03925800323486,False
9,6,,10.0,65,101,81,37.849358558654785,False
1,9,,,100,101,82,49.731595516204834,False
7,2,1.0,50.0,86,101,79,53.208977460861206,False
7,4,,70.0,32,101,67,27.140706300735474,False
2,7,1.0,10.0,92,101,82,52.74975657463074,False
3,0,1.0,,66,101,88,42.83624482154846,False
0,2,,60.0,28,101,66,25.677000999450684,False
3,2,1.0,10.0,92,101,82,55.56702709197998,False
10,1,1.0,60.0,84,101,64,50.50404691696167,False
6,5,,70.0,22,101,65,23.616703033447266,False
9,1,,60.0,27,101,74,25.118963718414307,False
10,1,,10.0,60,101,74,36.14789938926697,False
2,9,1.0,20.0,83,101,86,50.08615326881409,False
5,0,1.0,20.0,87,101,76,51.41706895828247,False
0,1,,30.0,38,101,76,29.246893882751465,False
5,7,,,100,101,73,49.5864691734314,False
3,4,,60.0,38,101,86,28.833662033081055,False
11,3,,,100,101,60,49.682769536972046,False
3,1,1.0,30.0,78,101,86,48.575069427490234,False
5,6,,70.0,31,101,67,26.942407369613647,False
7,8,1.0,50.0,75,101,73,46.955403566360474,False
8,9,1.0,40.0,89,101,80,51.66237139701843,False
0,6,1.0,50.0,86,101,79,50.7761652469635,False
3,4,1.0,20.0,87,101,82,51.51035928726196,False
9,7,,50.0,44,101,83,30.728229522705078,False
0,0,,60.0,25,101,68,24.48425054550171,False
11,1,1.0,40.0,94,101,71,54.41450357437134,False
5,0,1.0,50.0,71,101,70,45.41572666168213,False
7,9,,50.0,30,101,74,25.882086992263794,False
1,4,1.0,40.0,80,101,79,48.21238684654236,False
5,4,1.0,50.0,76,101,69,47.22442650794983,False
3,7,1.0,,63,101,82,42.0306499004364,False
6,3,,30.0,53,101,61,34.653335094451904,False
11,0,,20.0,54,101,69,34.33592677116394,False
9,9,,,100,101,83,50.48708152770996,False
5,3,1.0,30.0,89,101,71,52.491628646850586,False
7,1,,70.0,24,101,77,24.258943796157837,False
0,0,1.0,30.0,81,101,76,49.214823722839355,False
8,8,1.0,30.0,87,101,77,52.07859921455383,False
10,4,1.0,40.0,88,101,75,51.127180099487305,False
9,0,,20.0,41,101,83,29.84516739845276,False
5,1,1.0,50.0,77,101,71,50.03432488441467,False
7,1,1.0,10.0,97,101,70,57.77577042579651,False
9,0,1.0,60.0,74,101,89,46.53168272972107,False
1,3,,40.0,48,101,79,32.85518145561218,False
1,0,,30.0,35,101,77,27.989832878112793,False
8,6,,50.0,41,101,75,29.732608318328857,False
5,1,1.0,20.0,78,101,77,48.244911193847656,False
1,6,,,100,101,75,49.64705014228821,False
9,7,,40.0,36,101,80,28.883612155914307,False
8,6,1.0,,66,101,78,43.14411520957947,False
11,7,,50.0,38,101,64,28.647663116455078,False
9,3,,60.0,30,101,79,26.081655740737915,False
10,8,,50.0,34,101,66,27.314244985580444,False
6,9,,10.0,66,101,71,38.2628059387207,False
3,2,,,100,101,82,49.536439180374146,False
7,3,,30.0,46,101,70,32.01989030838013,False
9,7,1.0,50.0,78,101,81,48.00582027435303,False
4,7,,60.0,35,101,77,27.844279289245605,False
2,6,1.0,50.0,83,101,87,49.805211782455444,False
7,9,,70.0,29,101,72,26.182849407196045,False
10,8,1.0,10.0,92,101,59,52.75332164764404,False
8,2,1.0,50.0,83,101,84,49.795440435409546,False
6,9,,30.0,36,101,57,28.58479952812195,False
5,9,,60.0,40,101,72,29.555203914642334,False
1,9,,20.0,49,101,77,32.71920037269592,False
1,0,1.0,60.0,80,101,78,48.798640966415405,False
0,2,1.0,30.0,88,101,74,51.78645205497742,False
5,0,,30.0,39,101,74,29.337027072906494,False
6,7,1.0,50.0,79,101,66,48.35211157798767,False
4,4,1.0,40.0,86,101,75,50.394686698913574,False
0,1,1.0,10.0,88,101,71,51.091065883636475,False
2,1,1.0,,56,101,83,39.51628541946411,False
1,2,,40.0,31,101,75,26.922594785690308,False
2,6,1.0,30.0,74,101,90,47.113720655441284,False
2,3,1.0,10.0,90,101,86,52.03961944580078,False
4,4,,20.0,54,101,77,34.43252205848694,False
2,4,,70.0,26,101,87,24.96397590637207,False
7,5,,20.0,49,101,76,32.816118478775024,False
3,9,,,100,101,87,49.55870604515076,False
3,1,1.0,,44,101,87,35.29301595687866,False
4,0,,10.0,66,101,73,38.2459454536438,False
9,8,,30.0,36,101,77,28.566239833831787,False
6,8,1.0,30.0,87,101,66,52.02182650566101,False
2,6,,40.0,37,101,89,28.93273377418518,False
4,5,,10.0,52,101,76,33.35077428817749,False
8,8,,70.0,24,101,84,24.446468114852905,False
2,8,1.0,20.0,85,101,88,50.7487895488739,False
1,7,,10.0,73,101,81,40.695918798446655,False
9,0,1.0,30.0,82,101,84,50.05785322189331,False
10,7,1.0,70.0,82,101,70,50.15830111503601,False
11,1,1.0,50.0,94,101,71,53.632084131240845,False
6,9,,,100,101,68,49.673011302948,False
6,2,,40.0,23,101,55,30.121795892715454,False
6,0,,,100,101,76,49.65840411186218,False
6,7,1.0,70.0,79,101,66,49.10237431526184,False
4,6,,30.0,57,101,82,35.792834758758545,False
4,9,,10.0,74,101,78,41.19152283668518,False
6,3,1.0,20.0,93,101,72,53.67085337638855,False
2,5,1.0,70.0,78,101,87,48.5693097114563,False
10,9,,60.0,30,101,70,26.20613932609558,False
3,6,1.0,60.0,78,101,82,48.49543380737305,False
8,8,,30.0,40,101,83,30.039546966552734,False
9,3,,40.0,38,101,84,29.573506832122803,False
10,1,1.0,50.0,84,101,64,50.09575343132019,False
8,9,,20.0,41,101,87,29.964937925338745,False
9,5,1.0,60.0,84,101,81,50.66796660423279,False
2,0,1.0,10.0,93,101,86,52.8981556892395,False
10,4,1.0,70.0,70,101,79,46.00533366203308,False
4,1,1.0,50.0,81,101,76,51.33270502090454,False
2,9,,10.0,61,101,79,36.60236072540283,False
6,3,,50.0,35,101,64,27.6622474193573,False
1,1,1.0,60.0,85,101,76,50.5479941368103,False
7,1,,,100,101,71,49.744916677474976,False
0,0,1.0,50.0,73,101,69,45.80840301513672,False
2,1,1.0,50.0,76,101,82,47.2220938205719,False
8,6,,70.0,41,101,82,30.272886037826538,False
0,3,,30.0,38,101,78,29.19746208190918,False
9,8,,20.0,55,101,83,34.8933367729187,False
2,6,,70.0,25,101,89,24.641433477401733,False
1,2,,70.0,25,101,81,24.650831937789917,False
4,1,,40.0,45,101,80,31.861849784851074,False
7,2,,30.0,46,101,73,31.94010615348816,False
4,4,,60.0,33,101,72,27.029903650283813,False
8,7,,30.0,46,101,86,32.1169490814209,False
7,6,1.0,10.0,95,101,69,53.79199719429016,False
0,7,1.0,10.0,90,101,71,51.8169801235199,False
0,1,,,100,101,76,48.73019242286682,False
8,4,,70.0,28,101,87,25.8538875579834,False
7,6,1.0,,57,101,77,39.96512746810913,False
3,0,1.0,70.0,71,101,88,46.13232660293579,False
2,3,,40.0,28,101,86,25.76133418083191,False
0,5,1.0,70.0,88,101,71,52.26020669937134,False
6,3,1.0,50.0,78,101,70,48.169610261917114,False
0,8,1.0,10.0,90,101,76,51.88524031639099,False
9,9,1.0,10.0,98,101,79,54.88409090042114,False
9,0,,70.0,28,101,86,25.661456823349,False
0,0,,20.0,43,101,75,30.61809468269348,False
9,3,1.0,,76,101,85,46.58955669403076,False
5,4,1.0,60.0,72,101,69,46.27053165435791,False
6,9,1.0,30.0,90,101,69,53.17566728591919,False
1,6,1.0,10.0,96,101,74,54.04445815086365,False
6,8,,40.0,29,101,66,26.455663919448853,False
5,0,,20.0,48,101,68,36.09038591384888,False
7,1,,50.0,35,101,77,29.220056533813477,False
9,2,,20.0,52,101,83,37.99616742134094,False
7,8,1.0,,68,101,77,43.82106256484985,False
3,1,1.0,40.0,78,101,83,48.03966951370239,False
1,8,1.0,,61,101,81,42.36115002632141,False
0,9,,50.0,31,101,71,26.14916157722473,False
0,0,1.0,70.0,77,101,69,47.79266428947449,False
10,2,1.0,20.0,93,101,70,53.57862973213196,False
9,8,1.0,,66,101,83,43.11213803291321,False
2,3,,60.0,42,101,86,30.265189170837402,False
3,6,1.0,10.0,91,101,80,52.30851769447327,False
10,6,,,100,101,80,49.74361276626587,False
10,2,1.0,,78,101,71,47.288349866867065,False
0,2,,20.0,47,101,75,31.93507957458496,False
3,0,1.0,60.0,71,101,88,45.82499146461487,False
6,5,,10.0,60,101,67,36.2361798286438,False
5,6,1.0,,50,101,71,37.40471434593201,False
7,8,,,100,101,69,50.25859093666077,False
5,3,1.0,70.0,74,101,76,47.269046783447266,False
3,2,1.0,30.0,82,101,82,49.99759268760681,False
3,5,1.0,10.0,86,101,88,50.551053047180176,False
11,1,1.0,60.0,94,101,71,54.11723232269287,False
0,1,,20.0,46,101,76,31.62834095954895,False
3,8,1.0,50.0,73,101,90,46.2682523727417,False
9,8,1.0,30.0,80,101,84,49.38691687583923,False
6,3,,60.0,29,101,57,25.646846055984497,False
10,3,1.0,,63,101,76,41.98934006690979,False
0,2,,,100,101,68,49.126322507858276,False
2,2,,,100,101,86,49.482643842697144,False
1,7,1.0,40.0,79,101,74,47.8419873714447,False
6,6,1.0,40.0,95,101,70,53.79879856109619,False
3,4,1.0,,55,101,89,39.0843768119812,False
8,1,1.0,50.0,69,101,82,44.907968282699585,False
9,2,1.0,70.0,81,101,86,54.977261781692505,False
11,4,,30.0,42,101,61,30.65087580680847,False
9,4,,,100,101,80,49.767295598983765,False
2,5,,60.0,29,101,90,25.715026140213013,False
8,5,1.0,20.0,89,101,76,52.24322724342346,False
0,6,,60.0,33,101,73,27.37419366836548,False
6,7,1.0,20.0,89,101,71,52.24663233757019,False
2,2,,50.0,30,101,82,25.807376623153687,False
8,7,,10.0,65,101,79,40.49259305000305,False
6,0,,10.0,59,101,66,38.019978046417236,False
9,6,1.0,,71,101,82,46.3846321105957,False
0,7,1.0,50.0,79,101,75,48.36094832420349,False
2,1,1.0,20.0,79,101,83,48.45943093299866,False
10,4,,10.0,64,101,76,37.675658226013184,False
1,4,1.0,30.0,83,101,77,50.33156704902649,False
9,3,1.0,70.0,78,101,85,48.8944149017334,False
3,2,,30.0,38,101,88,29.024832010269165,False
0,6,,30.0,46,101,75,31.99350094795227,False
4,0,1.0,50.0,79,101,82,48.11295676231384,False
11,5,,30.0,44,101,65,31.318942546844482,False
6,8,,70.0,29,101,57,26.11426854133606,False
11,9,1.0,10.0,92,101,64,52.97140097618103,False
10,1,1.0,20.0,85,101,73,50.81671190261841,False
0,8,,,100,101,73,49.52118396759033,False
3,3,,40.0,38,101,82,29.10578417778015,False
3,3,,70.0,29,101,76,26.243730783462524,False
10,8,,70.0,31,101,75,26.963790893554688,False
7,8,,20.0,62,101,73,37.37899136543274,False
7,3,1.0,60.0,80,101,80,48.986149311065674,False
2,4,,40.0,30,101,87,26.537033081054688,False
7,6,1.0,50.0,71,101,76,45.67851400375366,False
7,5,,50.0,32,101,72,26.551828861236572,False
7,7,1.0,60.0,82,101,67,49.69583296775818,False
0,7,1.0,70.0,74,101,75,47.40645480155945,False
2,0,,40.0,46,101,86,31.8605318069458,False
2,6,1.0,70.0,70,101,87,45.877686500549316,False
10,6,1.0,70.0,73,101,73,47.04993176460266,False
4,3,1.0,60.0,71,101,75,45.92985701560974,False
9,4,1.0,70.0,85,101,82,51.3058123588562,False
2,4,1.0,20.0,87,101,81,51.374733448028564,False
8,3,,30.0,42,101,78,35.68988370895386,False
10,7,,30.0,39,101,72,29.555023193359375,False
2,5,1.0,,61,101,79,41.2708466053009,False
6,0,,30.0,46,101,59,31.931172370910645,False
11,9,1.0,,69,101,60,44.15534734725952,False
6,9,1.0,10.0,97,101,64,54.4704270362854,False
6,1,1.0,30.0,92,101,68,53.25582957267761,False
4,9,1.0,,61,101,79,41.34226322174072,False
1,8,,50.0,47,101,79,32.93539118766785,False
11,6,1.0,60.0,85,101,67,50.92047834396362,False
4,1,,70.0,31,101,81,26.82190990447998,False
5,1,1.0,60.0,78,101,71,48.20192575454712,False
4,3,1.0,40.0,71,101,75,45.6497163772583,False
2,6,,50.0,35,101,87,28.89655375480652,False
11,9,,40.0,34,101,59,26.819678783416748,False
4,6,1.0,30.0,86,101,79,51.16789627075195,False
9,1,1.0,,64,101,84,42.6071093082428,False
8,3,1.0,,66,101,83,43.06465291976929,False
7,9,1.0,10.0,93,101,73,53.08013200759888,False
5,7,,10.0,72,101,72,40.39003920555115,False
9,7,,20.0,56,101,82,35.30411338806152,False
9,2,,70.0,25,101,78,24.620272636413574,False
8,0,,50.0,33,101,85,26.836601495742798,False
3,4,,30.0,43,101,82,30.762957096099854,False
6,5,1.0,,63,101,65,42.00959634780884,False
3,9,,70.0,23,101,88,24.157531023025513,False
2,3,1.0,30.0,76,101,87,47.756802558898926,False
11,3,1.0,20.0,92,101,61,53.4448618888855,False
8,0,1.0,70.0,78,101,87,48.654850482940674,False
5,9,1.0,30.0,92,101,79,53.45292568206787,False
0,2,1.0,,54,101,74,39.68544244766235,False
2,8,1.0,60.0,64,101,90,43.4820601940155,False
4,0,1.0,40.0,79,101,82,48.41374182701111,False
1,3,,10.0,73,101,78,40.711986780166626,False
4,6,,70.0,28,101,80,25.76451849937439,False
1,4,1.0,50.0,81,101,79,48.98776912689209,False
10,2,,70.0,25,101,70,24.80019187927246,False
6,2,1.0,70.0,78,101,67,48.66093397140503,False
11,0,,10.0,72,101,68,40.339704275131226,False
1,5,,60.0,24,101,77,24.048826694488525,False
1,4,1.0,10.0,90,101,77,52.15283751487732,False
10,5,,30.0,48,101,75,32.7067756652832,False
8,5,,10.0,63,101,81,37.26394510269165,False
1,5,1.0,40.0,80,101,81,48.58250284194946,False
0,9,,70.0,31,101,71,26.856447219848633,False
3,9,,20.0,46,101,88,31.761296033859253,False
8,3,1.0,20.0,87,101,83,51.44292855262756,False
3,6,1.0,50.0,68,101,82,44.6327760219574,False
2,6,,30.0,46,101,89,32.04972004890442,False
3,5,1.0,,54,101,86,40.01446294784546,False
0,1,,70.0,33,101,69,27.41709017753601,False
8,3,,70.0,25,101,82,24.782374382019043,False
1,6,,10.0,66,101,75,38.24852442741394,False
4,1,1.0,20.0,85,101,72,50.68188452720642,False
3,5,,40.0,34,101,84,28.140625953674316,False
4,0,,60.0,31,101,81,26.311304330825806,False
7,9,1.0,,80,101,68,48.01249575614929,False
3,1,,60.0,36,101,86,28.066771507263184,False
5,2,,10.0,63,101,72,37.26691436767578,False
7,8,,70.0,29,101,71,26.172582149505615,False
8,2,,30.0,42,101,84,30.5002703666687,False
10,5,,60.0,22,101,74,23.417131662368774,False
0,5,,40.0,32,101,72,27.16283893585205,False
1,4,,70.0,34,101,86,27.828481435775757,False
3,4,,20.0,41,101,82,30.037914037704468,False
2,4,1.0,30.0,81,101,83,49.425095081329346,False
0,6,,50.0,38,101,73,28.56540560722351,False
9,3,,20.0,56,101,78,35.31502914428711,False
0,9,,,100,101,75,49.48804187774658,False
7,3,,50.0,29,101,72,25.608958959579468,False
0,4,1.0,40.0,79,101,72,48.268848180770874,False
9,2,1.0,20.0,93,101,86,53.52005100250244,False
8,9,1.0,20.0,90,101,80,52.558616638183594,False
4,9,1.0,30.0,86,101,77,51.666999101638794,False
9,4,1.0,20.0,89,101,80,56.92053771018982,False
0,8,,10.0,56,101,74,34.72692918777466,False
0,4,,70.0,31,101,71,26.75248670578003,False
6,9,1.0,20.0,89,101,69,52.286516189575195,False
7,5,1.0,10.0,97,101,75,54.44351625442505,False
6,2,1.0,30.0,81,101,68,49.50352478027344,False
7,4,,20.0,55,101,68,34.93270540237427,False
3,6,,60.0,29,101,83,25.694947957992554,False
10,3,1.0,30.0,79,101,79,49.203238010406494,False
3,0,1.0,20.0,79,101,88,48.44350504875183,False
4,1,,60.0,30,101,81,26.06524896621704,False
8,5,,40.0,36,101,80,28.666015148162842,False
11,7,,10.0,59,101,63,38.61627149581909,False
5,5,1.0,20.0,91,101,70,52.72586679458618,False
3,1,,10.0,62,101,81,36.83800148963928,False
5,2,,50.0,29,101,73,27.041016340255737,False
2,9,1.0,60.0,76,101,82,47.55554938316345,False
3,3,1.0,50.0,75,101,84,46.882527112960815,False
2,5,,,100,101,85,49.484843015670776,False
8,9,,10.0,73,101,85,40.82944703102112,False
0,4,1.0,60.0,80,101,72,49.04399752616882,False
7,1,1.0,,65,101,65,42.78962564468384,False
9,1,1.0,30.0,80,101,86,49.50311517715454,False
0,5,,70.0,24,101,70,24.349862337112427,False
5,4,,,100,101,78,49.60330677032471,False
10,0,,60.0,24,101,64,23.9189031124115,False
11,9,,,100,101,67,49.83877658843994,False
11,4,,50.0,27,101,62,26.864184141159058,False
10,2,1.0,10.0,93,101,70,53.12686371803284,False
5,3,1.0,60.0,75,101,76,47.330764293670654,False
5,6,,10.0,80,101,69,43.26552939414978,False
1,5,,50.0,24,101,77,23.71493935585022,False
6,1,1.0,10.0,97,101,71,54.480202198028564,False
5,8,1.0,40.0,80,101,72,48.31767654418945,False
4,3,1.0,20.0,76,101,81,52.01286220550537,False
5,5,,60.0,31,101,70,26.520798206329346,False
5,6,,40.0,42,101,74,30.713791131973267,False
0,7,,,100,101,66,49.32641673088074,False
11,7,1.0,50.0,76,101,65,50.34577655792236,False
10,9,1.0,20.0,91,101,76,52.82023310661316,False
10,8,1.0,30.0,93,101,59,54.02606701850891,False
3,4,,40.0,28,101,79,31.613236665725708,False
2,8,1.0,40.0,73,101,90,46.128106117248535,False
10,5,1.0,20.0,83,101,74,50.04594087600708,False
10,2,1.0,30.0,87,101,70,51.867464780807495,False
7,1,1.0,30.0,85,101,68,51.13003897666931,False
2,2,1.0,20.0,87,101,83,51.2593674659729,False
5,3,,40.0,38,101,74,29.30026364326477,False
10,2,,20.0,49,101,74,32.788907527923584,False
0,5,,50.0,28,101,65,25.124495029449463,False
4,6,,40.0,32,101,74,27.24874758720398,False
9,6,1.0,20.0,93,101,82,53.77747869491577,False
2,9,1.0,40.0,80,101,82,48.232778787612915,False
9,9,,50.0,34,101,84,27.26793336868286,False
1,2,,50.0,35,101,83,27.604341983795166,False
6,6,,40.0,36,101,64,28.833817720413208,False
4,9,,70.0,29,101,69,26.240307092666626,False
5,5,1.0,10.0,95,101,70,53.773221492767334,False
3,7,,50.0,27,101,86,24.866114139556885,False
8,4,1.0,40.0,80,101,78,48.30861735343933,False
3,1,,50.0,32,101,86,26.505747318267822,False
8,6,1.0,30.0,85,101,78,56.67187809944153,False
8,2,,20.0,48,101,86,32.40258979797363,False
7,0,1.0,50.0,67,101,69,44.02748990058899,False
7,2,,50.0,25,101,69,24.060776948928833,False
10,5,1.0,60.0,79,101,73,48.71506309509277,False
3,5,,30.0,35,101,84,32.98487401008606,False
10,4,,20.0,49,101,74,32.81452417373657,False
6,4,,20.0,60,101,65,36.58522629737854,False
10,1,1.0,40.0,84,101,64,50.863537549972534,False
11,0,,60.0,32,101,67,26.779077529907227,False
11,7,1.0,60.0,81,101,65,49.613508224487305,False
2,5,,20.0,42,101,82,30.24389386177063,False
7,8,,30.0,60,101,68,36.83767867088318,False
3,8,,50.0,33,101,84,26.85662031173706,False
3,0,,,100,101,83,49.8410906791687,False
1,4,,10.0,65,101,86,37.97179985046387,False
10,7,1.0,20.0,93,101,75,53.575729846954346,False
11,6,,30.0,29,101,72,26.067086219787598,False
10,8,,20.0,47,101,68,32.117894649505615,False
3,3,1.0,30.0,81,101,83,49.551024198532104,False
4,6,1.0,70.0,87,101,79,51.78290343284607,False
8,6,,30.0,49,101,82,33.173386573791504,False
2,3,1.0,60.0,77,101,87,47.99246549606323,False
0,5,,30.0,35,101,72,28.203686237335205,False
2,9,1.0,70.0,71,101,82,46.19381523132324,False
8,8,1.0,70.0,75,101,81,47.69380283355713,False
4,1,1.0,,62,101,70,42.92183971405029,False
5,4,,10.0,60,101,70,36.12714719772339,False
10,7,1.0,,73,101,71,45.574912309646606,False
3,6,1.0,30.0,83,101,80,50.405614137649536,False
7,9,1.0,40.0,87,101,72,50.87741684913635,False
6,5,,40.0,32,101,56,27.494658708572388,False
5,9,1.0,20.0,91,101,79,52.88089895248413,False
6,4,1.0,60.0,70,101,71,45.71239948272705,False
9,4,,40.0,27,101,87,25.823485851287842,False
2,1,,70.0,32,101,82,26.993781566619873,False
8,5,1.0,10.0,95,101,76,53.75625824928284,False
1,9,,30.0,30,101,80,26.547245502471924,False
10,7,,50.0,35,101,71,27.63105797767639,False
3,0,,60.0,37,101,87,28.445404767990112,False
6,5,,60.0,27,101,62,25.138229846954346,False
5,7,1.0,50.0,71,101,67,45.56756949424744,False
7,0,1.0,20.0,90,101,77,52.33586144447327,False
11,3,,20.0,49,101,72,37.023842096328735,False
3,7,1.0,30.0,79,101,87,48.85876178741455,False
5,1,1.0,30.0,76,101,77,47.947638273239136,False
0,8,1.0,40.0,68,101,67,44.052226543426514,False
11,5,,70.0,31,101,64,26.841142892837524,False
11,9,1.0,40.0,77,101,65,47.45502805709839,False
3,8,,30.0,50,101,82,33.46988296508789,False
10,4,,30.0,39,101,71,29.563171863555908,False
2,2,1.0,30.0,79,101,81,48.74512243270874,False
4,1,,,100,101,77,49.924689054489136,False
4,0,,,100,101,83,49.50546979904175,False
9,0,,,100,101,88,49.61399579048157,False
11,6,,10.0,67,101,72,38.73305559158325,False
2,1,,60.0,32,101,82,26.6782648563385,False
6,2,,70.0,35,101,62,28.169024229049683,False
1,9,,40.0,29,101,80,26.37522292137146,False
5,6,,60.0,39,101,73,29.18622350692749,False
11,4,1.0,40.0,78,101,71,47.91275429725647,False
1,2,1.0,30.0,79,101,82,48.91225504875183,False
6,9,1.0,70.0,84,101,70,50.76118183135986,False
8,8,1.0,40.0,81,101,81,48.82420086860657,False
2,8,,,100,101,83,49.80419969558716,False
4,0,1.0,,56,101,77,39.47111701965332,False
5,0,1.0,70.0,71,101,70,46.160407066345215,False
0,1,1.0,70.0,87,101,75,56.518168210983276,False
10,9,1.0,10.0,88,101,76,51.37098717689514,False
9,3,1.0,20.0,84,101,82,50.46700596809387,False
3,8,,20.0,56,101,82,35.24027919769287,False
6,0,1.0,20.0,88,101,68,56.21260404586792,False
9,5,,40.0,35,101,81,28.500771522521973,False
8,9,,60.0,35,101,75,27.8963565826416,False
0,2,,70.0,28,101,66,25.655483722686768,False
8,0,1.0,60.0,78,101,87,48.15449643135071,False
6,6,1.0,20.0,85,101,71,50.8626172542572,False
11,0,1.0,50.0,81,101,68,49.08494210243225,False
9,9,1.0,40.0,89,101,81,51.67719101905823,False
6,8,,10.0,65,101,62,37.92669701576233,False
11,4,1.0,30.0,76,101,74,48.022807359695435,False
3,7,,,100,101,87,49.60898447036743,False
2,3,1.0,20.0,88,101,85,51.746044397354126,False
8,3,,60.0,33,101,79,27.349327325820923,False
6,6,,50.0,20,101,56,22.42050838470459,False
7,3,1.0,70.0,79,101,80,54.127760887145996,False
4,2,1.0,20.0,88,101,80,51.76054501533508,False
4,3,1.0,50.0,69,101,75,44.994409799575806,False
9,1,1.0,40.0,86,101,78,51.36041307449341,False
1,8,,70.0,37,101,80,28.883959531784058,False
6,0,1.0,10.0,92,101,72,52.617432832717896,False
10,6,,20.0,48,101,76,32.44374632835388,False
2,1,,20.0,44,101,86,30.844930410385132,False
11,5,1.0,10.0,91,101,71,52.53198575973511,False
8,9,1.0,,82,101,85,50.296122312545776,False
6,5,1.0,30.0,87,101,67,51.61685514450073,False
4,7,,70.0,24,101,81,24.263182878494263,False
6,8,1.0,40.0,83,101,68,49.36154556274414,False
3,8,1.0,20.0,85,101,90,50.733971118927,False
6,6,,10.0,62,101,68,36.88867402076721,False
10,5,,50.0,29,101,76,25.661546230316162,False
11,4,1.0,10.0,96,101,69,54.31727623939514,False
8,9,1.0,50.0,81,101,80,49.29979228973389,False
10,2,,,100,101,75,49.79206442832947,False
0,4,1.0,70.0,69,101,72,45.6482834815979,False
10,7,1.0,40.0,74,101,69,46.39938235282898,False
10,0,,40.0,44,101,73,31.49119544029236,False
4,1,,50.0,36,101,81,27.902185678482056,False
7,6,,20.0,45,101,66,31.445924282073975,False
10,3,,50.0,33,101,74,26.90443992614746,False
7,4,,,100,101,75,49.68940997123718,False
6,6,,,100,101,66,49.66529679298401,False
6,7,1.0,60.0,79,101,66,48.78249907493591,False
2,9,,60.0,28,101,84,25.431212186813354,False
4,7,1.0,,81,101,76,48.38228392601013,False
3,1,,40.0,43,101,81,30.9127836227417,False
0,2,1.0,10.0,90,101,74,51.83491349220276,False
6,1,1.0,,63,101,72,41.95724940299988,False
0,9,,40.0,34,101,72,28.105905294418335,False
6,0,,60.0,26,101,51,24.62112522125244,False
11,1,,20.0,40,101,63,29.566749811172485,False
9,7,,30.0,42,101,81,30.615484714508057,False
11,9,1.0,20.0,90,101,64,52.74223208427429,False
2,2,1.0,50.0,71,101,85,47.60338258743286,False
0,5,,20.0,53,101,74,34.069087743759155,False
3,2,1.0,50.0,71,101,87,47.69986128807068,False
6,5,,30.0,44,101,66,31.385751724243164,False
3,3,,20.0,45,101,76,31.41767382621765,False
7,3,,20.0,55,101,73,34.92353320121765,False
10,1,1.0,,60,101,74,40.978097677230835,False
6,0,1.0,50.0,84,101,67,50.04892706871033,False
6,1,1.0,60.0,62,101,69,42.76228141784668,False
6,9,,20.0,43,101,68,30.684887409210205,False
8,9,,30.0,40,101,85,30.04959011077881,False
8,4,,50.0,28,101,87,25.195029497146606,False
8,7,1.0,70.0,80,101,81,49.45008873939514,False
10,4,,,100,101,74,49.774916887283325,False
6,1,,70.0,25,101,57,24.781801462173462,False
1,1,1.0,30.0,79,101,79,48.8639178276062,False
11,9,,60.0,31,101,65,26.623392343521118,False
8,6,1.0,40.0,74,101,83,46.26319360733032,False
11,5,1.0,40.0,78,101,66,47.8761522769928,False
5,0,,,100,101,76,49.58219361305237,False
11,4,,60.0,23,101,65,23.781414031982422,False
7,9,1.0,70.0,74,101,68,47.49641036987305,False
4,6,1.0,10.0,89,101,77,51.71812415122986,False
4,0,1.0,20.0,82,101,79,49.528690814971924,False
4,0,,50.0,37,101,81,28.145347118377686,False
8,1,1.0,20.0,87,101,83,51.47270655632019,False
5,5,,40.0,38,101,71,29.34121561050415,False
0,5,1.0,,60,101,64,40.75005054473877,False
3,1,,20.0,56,101,79,35.23219847679138,False
5,1,,10.0,65,101,78,37.90658974647522,False
10,6,,40.0,40,101,74,28.674453735351562,False
0,5,1.0,60.0,88,101,71,51.88822078704834,False
6,8,1.0,20.0,91,101,66,52.9851348400116,False
2,4,1.0,,51,101,83,38.898808002471924,False
8,6,1.0,20.0,94,101,78,53.935362815856934,False
3,2,1.0,,42,101,82,34.585888385772705,False
9,4,1.0,,76,101,80,46.54745411872864,False
9,4,1.0,10.0,93,101,80,53.14724946022034,False
2,7,,60.0,31,101,86,26.52387762069702,False
5,3,1.0,10.0,92,101,75,52.72935652732849,False
8,7,,,100,101,78,49.739686489105225,False
0,2,,40.0,37,101,68,28.948766469955444,False
10,8,,40.0,33,101,78,26.38237190246582,False
0,1,1.0,30.0,94,101,74,53.9278769493103,False
6,6,,70.0,20,101,56,22.99102783203125,False
1,8,,,100,101,77,49.65065550804138,False
4,6,,,100,101,77,49.63361835479736,False
5,1,1.0,10.0,97,101,72,54.473628282547,False
0,5,1.0,10.0,91,101,72,52.35103154182434,False
8,1,1.0,,56,101,86,41.06967282295227,False
0,3,1.0,70.0,86,101,78,51.64915370941162,False
7,9,1.0,20.0,82,101,74,49.82487440109253,False
8,2,1.0,40.0,83,101,84,50.26206731796265,False
11,3,,60.0,25,101,55,24.435142278671265,False
1,5,,20.0,45,101,81,31.230491161346436,False
4,3,,20.0,54,101,80,34.42036819458008,False
11,6,,70.0,29,101,70,26.10100793838501,False
6,2,,,100,101,65,49.66080617904663,False
9,3,,70.0,30,101,79,26.39271330833435,False
0,6,,70.0,30,101,73,26.39486265182495,False
4,1,,20.0,59,101,82,36.21389198303223,False
2,0,1.0,30.0,82,101,86,49.79381012916565,False
0,3,,60.0,25,101,77,24.476396560668945,False
4,6,,50.0,26,101,83,24.47904372215271,False
0,2,1.0,20.0,89,101,74,51.90906643867493,False
11,2,,,100,101,71,49.76133370399475,False
6,3,,,100,101,72,50.196247816085815,False
7,2,,40.0,48,101,72,32.93554878234863,False
9,3,1.0,10.0,87,101,81,51.07254099845886,False
0,3,,20.0,47,101,74,31.925119400024414,False
0,2,,10.0,55,101,73,34.47019600868225,False
2,5,1.0,20.0,81,101,87,49.22171068191528,False
9,7,,10.0,57,101,71,35.073891401290894,False
7,8,1.0,60.0,76,101,73,51.72680711746216,False
10,5,,20.0,45,101,68,31.32463574409485,False
10,4,1.0,30.0,92,101,78,53.57571744918823,False
1,0,1.0,20.0,88,101,82,51.43973755836487,False
8,3,1.0,10.0,94,101,83,53.372278690338135,False
11,9,,70.0,27,101,65,25.44480037689209,False
11,1,,10.0,59,101,63,35.890889406204224,False
6,6,1.0,10.0,95,101,73,53.8121132850647,False
3,0,1.0,30.0,77,101,88,48.160882234573364,False
3,2,1.0,20.0,83,101,82,50.00761318206787,False
5,1,1.0,,63,101,66,41.86946177482605,False
2,2,,70.0,20,101,82,22.93609642982483,False
2,7,,30.0,40,101,88,29.947275638580322,False
1,4,1.0,60.0,81,101,79,49.35712933540344,False
1,7,1.0,70.0,80,101,74,49.306349754333496,False
6,6,,30.0,37,101,64,28.909757375717163,False
5,2,,20.0,47,101,70,32.04155611991882,False
8,4,,40.0,29,101,68,26.230313777923584,False
2,8,1.0,30.0,83,101,88,55.638211250305176,False
8,6,,60.0,32,101,82,26.889681339263916,False
5,0,1.0,30.0,84,101,76,50.66026449203491,False
11,7,1.0,70.0,81,101,65,49.88711738586426,False
8,0,,20.0,56,101,80,35.16176962852478,False
0,4,,40.0,38,101,75,29.24336838722229,False
8,3,,40.0,41,101,81,30.326311111450195,False
5,6,1.0,30.0,89,101,70,52.53284764289856,False
10,6,,30.0,41,101,64,30.30043363571167,False
1,6,,40.0,38,101,72,29.42347264289856,False
9,4,,70.0,29,101,75,26.094890117645264,False
10,3,,30.0,46,101,77,31.97881245613098,False
7,2,1.0,10.0,91,101,72,52.45878791809082,False
11,1,1.0,70.0,91,101,71,53.48561191558838,False
5,2,1.0,60.0,76,101,79,47.61253094673157,False
11,0,1.0,30.0,85,101,65,51.090566873550415,False
8,6,,20.0,57,101,83,35.55688977241516,False
11,5,,50.0,33,101,66,26.926464557647705,False
10,7,1.0,60.0,82,101,70,49.94361615180969,False
3,9,1.0,70.0,65,101,83,44.30059576034546,False
5,7,,40.0,39,101,65,29.68873381614685,False
6,4,,30.0,39,101,68,29.771497011184692,False
11,6,1.0,40.0,87,101,67,51.0021870136261,False
3,2,,10.0,64,101,83,37.54688596725464,False
5,0,1.0,,52,101,75,37.997435331344604,False
9,2,1.0,40.0,84,101,85,49.89145040512085,False
0,3,1.0,20.0,89,101,81,51.88650441169739,False
5,1,,,100,101,69,50.081868410110474,False
4,1,,30.0,51,101,80,33.6326470375061,False
9,5,,50.0,26,101,79,24.680565357208252,False
7,3,1.0,40.0,88,101,80,51.99565291404724,False
8,5,,70.0,29,101,84,26.255245685577393,False
0,6,,,100,101,75,49.308836936950684,False
5,0,1.0,60.0,71,101,70,45.84245419502258,False
1,8,,40.0,41,101,78,30.427058935165405,False
4,4,,10.0,57,101,80,35.13046360015869,False
9,8,,10.0,60,101,81,36.3359899520874,False
3,9,1.0,,62,101,85,41.68138098716736,False
3,5,1.0,20.0,83,101,88,50.0643413066864,False
6,1,1.0,20.0,90,101,71,52.56420302391052,False
7,9,,30.0,38,101,76,29.216082334518433,False
11,2,1.0,30.0,84,101,66,50.78052258491516,False
6,3,,20.0,56,101,63,35.22884798049927,False
1,5,,70.0,36,101,70,28.53480553627014,False
4,0,,40.0,48,101,79,32.872074604034424,False
7,4,1.0,50.0,82,101,74,49.39910364151001,False
1,1,,10.0,64,101,74,37.521225690841675,False
3,9,,30.0,46,101,79,31.949703693389893,False
3,9,1.0,60.0,65,101,83,43.914101123809814,False
2,7,,40.0,36,101,88,28.57824969291687,False
11,0,,50.0,32,101,54,26.529037475585938,False
7,8,1.0,20.0,89,101,71,52.34758448600769,False
2,0,1.0,50.0,66,101,85,43.62112307548523,False
11,7,1.0,20.0,92,101,69,53.478861808776855,False
9,8,1.0,20.0,86,101,83,51.22861289978027,False
7,5,1.0,,65,101,71,42.80372738838196,False
8,2,1.0,70.0,67,101,80,44.84102821350098,False
5,0,1.0,10.0,90,101,76,51.86908173561096,False
8,3,1.0,50.0,86,101,87,53.513757944107056,False
4,5,,50.0,27,101,81,24.89208483695984,False
9,6,1.0,60.0,89,101,85,52.30771827697754,False
5,9,,70.0,26,101,78,25.16956353187561,False
10,5,,10.0,69,101,73,39.50098896026611,False
4,0,,70.0,32,101,76,27.177210330963135,False
8,4,,,100,101,82,49.68632507324219,False
5,0,,60.0,39,101,65,29.144433975219727,False
8,9,,,100,101,79,49.7180495262146,False
10,8,1.0,20.0,93,101,59,53.57288646697998,False
7,9,,60.0,28,101,74,25.50341773033142,False
3,8,1.0,,55,101,88,39.25353956222534,False
6,4,,40.0,41,101,68,30.55238938331604,False
4,3,1.0,70.0,70,101,75,45.87961935997009,False
6,1,,,100,101,66,49.61957836151123,False
0,1,,50.0,30,101,78,25.74751591682434,False
8,6,1.0,50.0,73,101,83,46.487508058547974,False
8,2,,,100,101,84,49.776708126068115,False
1,7,,20.0,32,101,81,26.779456615447998,False
9,0,,10.0,70,101,79,39.64285969734192,False
2,3,,50.0,30,101,86,25.779292821884155,False
3,4,1.0,60.0,77,101,83,48.0658495426178,False
10,5,1.0,50.0,85,101,73,53.40122175216675,False
5,0,,10.0,65,101,72,37.87816405296326,False
7,6,1.0,40.0,84,101,71,49.78794503211975,False
11,2,,50.0,37,101,67,28.361749410629272,False
3,3,,50.0,33,101,86,26.79984998703003,False
7,6,1.0,20.0,93,101,70,53.603495597839355,False
3,2,,40.0,30,101,88,26.377647399902344,False
7,0,1.0,40.0,82,101,73,48.88036894798279,False
10,7,,70.0,39,101,73,29.691121578216553,False
1,3,,,100,101,77,49.629446506500244,False
9,5,,10.0,54,101,86,34.14152455329895,False
2,8,,60.0,32,101,88,29.90828561782837,False
10,3,1.0,40.0,86,101,81,50.59987688064575,False
7,7,,70.0,32,101,65,27.186892986297607,False
3,4,,50.0,38,101,86,28.62613034248352,False
5,7,1.0,60.0,71,101,67,45.97869348526001,False
8,1,,10.0,58,101,85,35.58785700798035,False
0,6,,10.0,63,101,76,37.15809774398804,False
9,9,1.0,20.0,92,101,79,53.382211446762085,False
8,3,1.0,40.0,93,101,85,52.97069954872131,False
9,7,,70.0,32,101,83,27.09888482093811,False
8,8,1.0,10.0,93,101,77,53.17084574699402,False
11,7,,30.0,30,101,65,26.39223051071167,False
2,5,,10.0,66,101,83,38.32021951675415,False
0,8,,50.0,28,101,70,25.11451244354248,False
11,4,1.0,60.0,80,101,71,49.23278021812439,False
0,0,,40.0,39,101,73,29.716452836990356,False
9,5,,,100,101,82,49.77500510215759,False
5,5,1.0,,49,101,72,36.97201681137085,False
9,8,1.0,40.0,75,101,82,46.67745041847229,False
7,9,,,100,101,75,49.70055675506592,False
3,5,,60.0,32,101,85,26.78175401687622,False
7,4,1.0,40.0,81,101,74,48.63973808288574,False
10,2,1.0,60.0,81,101,74,49.430811166763306,False
11,6,1.0,70.0,85,101,67,51.46435236930847,False
9,9,1.0,60.0,72,101,81,46.55533218383789,False
4,3,,40.0,42,101,78,30.839083433151245,False
0,2,,50.0,32,101,66,26.468233823776245,False
6,4,1.0,,65,101,68,42.75210428237915,False
8,4,1.0,50.0,81,101,78,49.28753447532654,False
3,8,,10.0,62,101,81,36.94031524658203,False
9,6,1.0,70.0,87,101,85,51.914557695388794,False
4,2,1.0,,59,101,76,40.596230268478394,False
4,8,,,100,101,77,49.95610761642456,False
10,0,,20.0,50,101,72,33.036224126815796,False
7,2,,20.0,45,101,71,31.439062356948853,False
4,4,1.0,10.0,89,101,82,51.614678621292114,False
7,5,1.0,70.0,84,101,77,50.95852780342102,False
9,5,,20.0,45,101,74,31.386839628219604,False
9,2,,40.0,38,101,81,29.57807469367981,False
1,6,,50.0,39,101,79,28.903414964675903,False
0,1,,60.0,33,101,55,27.27239155769348,False
10,8,1.0,50.0,83,101,71,49.74848198890686,False
6,4,,,100,101,68,49.544185161590576,False
9,4,,30.0,30,101,80,26.4225070476532,False
7,5,,60.0,32,101,72,26.82855772972107,False
2,9,,20.0,45,101,81,31.24260902404785,False
8,1,,,100,101,86,49.856626987457275,False
10,0,,10.0,49,101,81,32.25402903556824,False
4,8,,30.0,37,101,83,28.80843496322632,False
6,8,1.0,60.0,82,101,68,49.87163281440735,False
10,7,1.0,30.0,93,101,75,54.01757860183716,False
0,3,,,100,101,72,49.401883125305176,False
8,4,1.0,10.0,93,101,79,56.395453691482544,False
5,9,1.0,60.0,82,101,77,49.78610873222351,False
4,4,,50.0,34,101,72,27.190436601638794,False
9,7,,,100,101,82,49.72871279716492,False
3,8,,70.0,26,101,84,25.188894987106323,False
1,1,1.0,10.0,91,101,79,52.23343062400818,False
8,4,1.0,20.0,93,101,78,53.6359121799469,False
4,8,,60.0,23,101,73,23.716676235198975,False
8,5,1.0,,78,101,76,47.255913972854614,False
9,4,,20.0,54,101,89,34.60082650184631,False
0,3,1.0,30.0,84,101,81,50.41181564331055,False
11,6,1.0,,71,101,75,44.847471714019775,False
0,7,,40.0,29,101,76,31.897392749786377,False
4,5,,70.0,27,101,81,25.35137438774109,False
1,3,,70.0,32,101,72,27.097585678100586,False
4,2,,40.0,41,101,80,30.53232765197754,False
7,4,1.0,10.0,94,101,79,53.41030764579773,False
4,3,1.0,,67,101,74,43.41690015792847,False
1,3,1.0,60.0,86,101,79,51.0579891204834,False
0,7,,30.0,36,101,75,28.53435182571411,False
2,6,1.0,20.0,85,101,90,50.66467809677124,False
0,4,1.0,50.0,81,101,72,50.966071367263794,False
7,1,,40.0,38,101,73,29.366679906845093,False
7,7,,40.0,43,101,72,31.222572326660156,False
4,5,,40.0,37,101,75,29.077734231948853,False
11,4,1.0,70.0,73,101,71,47.158390522003174,False
8,1,1.0,30.0,92,101,83,53.40117335319519,False
5,0,,40.0,44,101,74,31.32016372680664,False
0,4,,,100,101,78,49.500929832458496,False
0,9,1.0,10.0,92,101,78,55.448790550231934,False
11,9,,30.0,31,101,53,26.742600202560425,False
11,5,,60.0,34,101,66,27.572664976119995,False
7,5,,40.0,43,101,72,31.223145484924316,False
9,5,1.0,40.0,75,101,81,46.59447693824768,False
0,8,,60.0,28,101,70,25.47593593597412,False
5,1,,70.0,32,101,70,27.05850315093994,False
4,7,1.0,50.0,76,101,83,47.53620266914368,False
6,4,1.0,30.0,95,101,70,54.45414113998413,False
11,7,,20.0,36,101,64,28.313781261444092,False
9,7,,60.0,34,101,84,27.511434078216553,False
3,1,1.0,70.0,75,101,83,47.57716083526611,False
7,0,,40.0,35,101,73,28.35672378540039,False
0,9,1.0,,55,101,76,38.94288635253906,False
3,7,,20.0,40,101,86,29.686811447143555,False
6,2,,60.0,31,101,62,26.353986501693726,False
9,3,,50.0,29,101,80,25.586555004119873,False
3,0,,70.0,27,101,87,29.855522871017456,False
11,0,1.0,10.0,84,101,73,49.829567432403564,False
1,5,1.0,20.0,85,101,76,50.763577699661255,False
8,1,1.0,60.0,66,101,82,43.98888897895813,False
8,8,,50.0,32,101,84,26.608608961105347,False
1,0,1.0,30.0,83,101,82,50.19653654098511,False
1,6,1.0,50.0,72,101,78,45.76484155654907,False
8,2,,10.0,68,101,83,39.03194546699524,False
5,3,1.0,50.0,83,101,76,49.718518018722534,False
8,0,1.0,,76,101,84,46.478896141052246,False
0,8,1.0,60.0,70,101,67,45.53047513961792,False
4,1,1.0,70.0,77,101,76,48.299522161483765,False
8,4,1.0,30.0,81,101,77,49.634058237075806,False
10,9,1.0,70.0,80,101,76,49.50479197502136,False
0,6,1.0,70.0,82,101,79,50.212406158447266,False
1,0,1.0,40.0,72,101,78,45.7404568195343,False
8,6,1.0,10.0,94,101,78,53.542333364486694,False
0,2,,30.0,48,101,72,32.685258626937866,False
4,9,,40.0,31,101,71,26.990416049957275,False
1,1,,70.0,24,101,74,24.37217140197754,False
8,6,1.0,60.0,81,101,83,49.28952217102051,False
3,5,1.0,30.0,82,101,88,49.97153401374817,False
2,7,,10.0,73,101,88,40.795063495635986,False
9,2,1.0,30.0,88,101,86,52.20885872840881,False
11,9,,10.0,58,101,67,35.521676540374756,False
11,1,,30.0,38,101,64,29.2659649848938,False
7,8,,40.0,35,101,68,28.460317611694336,False
2,7,,20.0,43,101,88,30.610110998153687,False
6,1,,40.0,28,101,62,25.752272844314575,False
1,7,,40.0,29,101,72,26.279550790786743,False
10,4,,60.0,24,101,70,24.187740325927734,False
3,2,,70.0,26,101,88,25.13939929008484,False
6,5,1.0,40.0,87,101,71,51.527382135391235,False
3,1,1.0,50.0,73,101,83,46.18751883506775,False
1,0,1.0,,63,101,81,41.631349086761475,False
6,0,,50.0,23,101,52,23.355316162109375,False
6,5,1.0,50.0,83,101,67,50.10457921028137,False
8,2,1.0,60.0,83,101,84,50.048187494277954,False
2,0,1.0,,56,101,88,39.383792877197266,False
10,1,,30.0,36,101,80,28.488194704055786,False
0,6,1.0,10.0,87,101,69,50.834847927093506,False
0,0,1.0,,71,101,64,46.59340310096741,False
1,1,1.0,20.0,81,101,79,53.52096438407898,False
5,4,1.0,,71,101,73,46.144662380218506,False
5,8,1.0,50.0,79,101,72,48.38056540489197,False
11,0,1.0,60.0,71,101,53,50.21443152427673,False
6,1,1.0,40.0,66,101,69,44.12333703041077,False
4,4,,,100,101,77,49.98440361022949,False
5,5,1.0,50.0,81,101,78,49.0342915058136,False
10,5,1.0,30.0,75,101,74,53.02271056175232,False
6,6,1.0,30.0,85,101,72,56.51271390914917,False
8,1,,50.0,43,101,79,32.0929651260376,False
7,1,1.0,70.0,91,101,70,53.15198564529419,False
9,8,,60.0,31,101,84,26.423739194869995,False
11,9,1.0,30.0,89,101,62,52.53690552711487,False
1,7,,,100,101,80,49.47560524940491,False
5,1,,30.0,35,101,65,27.971576690673828,False
10,6,,50.0,35,101,71,27.686574697494507,False
8,0,1.0,10.0,94,101,83,53.27356028556824,False
11,6,1.0,30.0,86,101,74,51.49758195877075,False
2,4,1.0,10.0,92,101,81,52.7168390750885,False
7,3,,70.0,33,101,69,27.449848413467407,False
1,8,1.0,20.0,82,101,81,49.66474938392639,False
0,7,1.0,30.0,80,101,71,49.014589071273804,False
1,5,,,100,101,78,49.43632197380066,False
10,9,,20.0,47,101,74,32.12791180610657,False
5,8,,20.0,43,101,64,30.714585781097412,False
4,5,1.0,10.0,94,101,80,56.517236948013306,False
1,7,1.0,30.0,80,101,81,49.29799556732178,False
6,3,1.0,70.0,82,101,71,49.986401081085205,False
2,1,,40.0,38,101,86,29.28480076789856,False
5,7,,20.0,50,101,74,33.17106246948242,False
8,1,1.0,40.0,70,101,82,44.88683319091797,False
0,9,1.0,60.0,68,101,73,44.68189787864685,False
7,0,1.0,70.0,67,101,69,44.53472018241882,False
4,8,,70.0,23,101,73,24.058568000793457,False
11,8,,30.0,47,101,60,32.2915620803833,False
6,2,1.0,60.0,74,101,66,51.025484561920166,False
10,9,,70.0,23,101,70,24.12477135658264,False
10,7,,20.0,55,101,69,34.92083501815796,False
8,7,,70.0,39,101,66,29.6488196849823,False
5,7,1.0,10.0,94,101,72,53.43405890464783,False
9,8,,50.0,38,101,84,28.717533111572266,False
11,5,,20.0,56,101,65,35.24852466583252,False
2,4,,50.0,31,101,87,26.185936450958252,False
2,5,,50.0,29,101,90,25.446404933929443,False
9,9,,20.0,45,101,77,31.452884435653687,False
4,6,1.0,60.0,87,101,79,55.47770667076111,False
1,7,1.0,50.0,80,101,74,48.70941781997681,False
8,1,,60.0,32,101,83,26.780584573745728,False
1,9,,50.0,31,101,80,26.1931734085083,False
5,3,,60.0,24,101,71,24.063066720962524,False
2,1,1.0,10.0,86,101,83,53.51434922218323,False
2,5,1.0,10.0,90,101,87,52.018951654434204,False
9,4,,10.0,58,101,86,35.511385917663574,False
5,4,1.0,70.0,72,101,69,46.54391551017761,False
6,8,,30.0,45,101,69,31.708498239517212,False
10,5,,70.0,20,101,74,23.06294012069702,False
3,7,1.0,40.0,82,101,86,49.57364797592163,False
0,5,,10.0,70,101,74,39.62196969985962,False
1,2,,30.0,45,101,77,31.76401448249817,False
4,8,,50.0,33,101,76,26.904150247573853,False
8,7,1.0,10.0,88,101,82,51.38681936264038,False
11,8,1.0,30.0,88,101,65,52.135202407836914,False
10,9,1.0,,68,101,73,43.82295560836792,False
7,6,1.0,70.0,71,101,76,46.474181175231934,False
6,4,,70.0,30,101,66,26.4474036693573,False
8,1,,70.0,25,101,84,24.813373804092407,False
5,2,1.0,30.0,82,101,76,50.007476568222046,False
5,8,1.0,,67,101,71,43.39996910095215,False
2,4,1.0,60.0,52,101,81,39.108158588409424,False
3,5,1.0,40.0,80,101,89,48.40226149559021,False
6,6,,20.0,51,101,66,33.433685302734375,False
4,9,1.0,40.0,76,101,76,46.963648319244385,False
3,3,1.0,20.0,87,101,83,51.453545570373535,False
9,6,,20.0,55,101,83,34.98266315460205,False
6,1,,20.0,44,101,65,30.952580451965332,False
0,5,1.0,40.0,88,101,71,51.38303470611572,False
11,1,,40.0,34,101,58,26.811440467834473,False
2,6,,60.0,26,101,89,24.68291211128235,False
1,6,,70.0,39,101,71,29.68978238105774,False
4,2,,30.0,50,101,80,33.27495503425598,False
1,0,,,100,101,85,49.567742586135864,False
0,4,,60.0,31,101,76,26.632041931152344,False
4,0,1.0,60.0,79,101,82,48.52267003059387,False
0,2,1.0,50.0,75,101,67,46.908249855041504,False
11,8,,40.0,35,101,60,27.306268453598022,False
3,8,1.0,40.0,81,101,90,48.69335603713989,False
10,3,,20.0,49,101,77,32.800570011138916,False
1,3,1.0,,68,101,70,44.76879382133484,False
7,7,1.0,10.0,88,101,68,51.350123167037964,False
1,2,1.0,,69,101,76,44.02279734611511,False
8,5,1.0,60.0,75,101,80,47.4401319026947,False
0,6,1.0,60.0,84,101,79,50.38816428184509,False
10,2,1.0,40.0,83,101,74,49.46576762199402,False
5,8,,70.0,25,101,63,24.789391040802002,False
6,8,1.0,50.0,83,101,68,49.79287886619568,False
5,7,1.0,40.0,71,101,67,45.801193714141846,False
11,4,,20.0,53,101,63,34.23620009422302,False
9,6,1.0,50.0,80,101,83,48.88876819610596,False
0,7,1.0,60.0,74,101,75,47.053860664367676,False
3,7,,10.0,65,101,86,37.95780849456787,False
4,7,1.0,20.0,89,101,80,52.33693242073059,False
10,7,1.0,10.0,97,101,75,54.53418755531311,False
3,1,,30.0,44,101,81,31.331645250320435,False
8,5,1.0,70.0,75,101,80,47.65167570114136,False
9,1,1.0,70.0,82,101,80,49.97896695137024,False
1,1,,,100,101,73,49.62667679786682,False
11,6,1.0,50.0,87,101,67,51.23722195625305,False
2,7,1.0,40.0,83,101,83,49.36520838737488,False
9,5,1.0,50.0,75,101,81,47.008198976516724,False
1,5,,10.0,63,101,81,37.20392560958862,False
4,5,1.0,60.0,74,101,75,46.92630743980408,False
8,8,,40.0,27,101,83,25.49706244468689,False
11,7,,70.0,24,101,66,24.38713526725769,False
7,3,1.0,,69,101,75,44.098565101623535,False
11,0,1.0,20.0,86,101,65,50.95423221588135,False
0,6,,20.0,43,101,74,30.55432438850403,False
10,5,1.0,10.0,95,101,80,53.859264612197876,False
0,3,,40.0,36,101,78,28.596683502197266,False
2,6,,20.0,55,101,89,34.767117977142334,False
1,1,,20.0,50,101,70,32.981637716293335,False
10,4,,40.0,43,101,70,29.627262115478516,False
9,6,,50.0,43,101,78,30.45269775390625,False
6,0,1.0,70.0,76,101,69,47.99099540710449,False
4,0,1.0,70.0,79,101,82,48.938539028167725,False
9,8,1.0,60.0,73,101,82,46.90627098083496,False
5,9,,40.0,40,101,68,29.98922848701477,False
3,7,,60.0,35,101,86,27.885736227035522,False
6,9,1.0,50.0,81,101,70,49.03445482254028,False
5,4,,40.0,39,101,75,29.677996397018433,False
1,2,,60.0,28,101,83,28.498239994049072,False
1,0,,20.0,51,101,75,36.895057916641235,False
7,9,1.0,30.0,79,101,73,48.94139575958252,False
10,8,1.0,60.0,83,101,71,50.25510883331299,False
11,3,1.0,10.0,96,101,63,54.288090229034424,False
1,0,,70.0,30,101,69,26.350759744644165,False
10,1,1.0,70.0,84,101,64,50.80269455909729,False
2,3,,,100,101,87,49.72126269340515,False
2,7,,,100,101,86,49.514387369155884,False
7,9,1.0,60.0,89,101,68,52.26706266403198,False
8,3,,10.0,66,101,86,38.30437159538269,False
2,5,,40.0,26,101,90,25.109437227249146,False
3,3,1.0,,61,101,81,41.295013427734375,False
10,8,1.0,40.0,76,101,71,46.98818325996399,False
3,5,1.0,60.0,80,101,89,49.13862490653992,False
0,2,1.0,70.0,71,101,67,46.30533409118652,False
6,4,1.0,20.0,93,101,70,53.67945122718811,False
6,8,1.0,,57,101,62,39.923078775405884,False
9,2,1.0,10.0,90,101,86,52.03195142745972,False
6,4,,10.0,68,101,55,39.05375361442566,False
7,2,,60.0,33,101,70,27.151727199554443,False
4,2,,70.0,34,101,76,27.85220503807068,False
0,5,1.0,50.0,88,101,71,51.363712310791016,False
11,1,,50.0,31,101,71,26.227208137512207,False
10,9,1.0,50.0,85,101,76,50.56726002693176,False
3,2,,60.0,26,101,88,24.572080373764038,False
7,2,,70.0,24,101,80,24.267523527145386,False
5,2,,70.0,32,101,68,27.103806257247925,False
11,1,1.0,20.0,87,101,74,56.248464584350586,False
2,4,1.0,50.0,77,101,82,47.56638765335083,False
10,0,1.0,,72,101,75,45.09461832046509,False
4,2,1.0,30.0,82,101,80,49.96100831031799,False
3,9,,50.0,28,101,87,25.16390895843506,False
2,4,1.0,40.0,70,101,82,44.83913803100586,False
8,8,,20.0,46,101,83,31.725327491760254,False
3,6,,,100,101,83,49.601099491119385,False
2,4,,60.0,35,101,87,27.823974609375,False
5,5,,70.0,31,101,70,26.896533966064453,False
1,9,1.0,50.0,79,101,76,48.277535915374756,False
8,4,,10.0,63,101,79,37.291614294052124,False
8,7,1.0,50.0,76,101,81,47.42584800720215,False
8,2,,70.0,24,101,83,24.411103010177612,False
11,8,1.0,70.0,77,101,61,48.6427948474884,False
4,1,1.0,40.0,81,101,76,48.659871101379395,False
2,4,,10.0,63,101,87,37.26423120498657,False
4,2,,50.0,34,101,77,27.17550492286682,False
4,6,1.0,20.0,85,101,79,50.91590189933777,False
1,7,1.0,,61,101,80,41.24346113204956,False
6,7,,30.0,46,101,64,32.107975482940674,False
6,9,,50.0,23,101,57,23.418003797531128,False
11,9,1.0,70.0,77,101,65,48.46903872489929,False
2,6,1.0,40.0,65,101,87,43.40616178512573,False
10,3,,10.0,58,101,69,35.62428617477417,False
11,8,,70.0,23,101,68,23.98730778694153,False
11,0,,70.0,24,101,62,24.298224210739136,False
6,0,,40.0,40,101,60,29.79253101348877,False
6,4,,50.0,27,101,62,24.8332941532135,False
4,7,,20.0,55,101,77,34.85246801376343,False
6,3,,10.0,71,101,66,40.02464270591736,False
2,2,,40.0,33,101,85,27.5443058013916,False
1,4,,20.0,52,101,86,33.6513569355011,False
5,9,1.0,40.0,89,101,77,51.64114332199097,False
4,4,,30.0,46,101,80,32.0233039855957,False
4,0,,20.0,46,101,79,31.637813091278076,False
7,3,1.0,10.0,92,101,73,52.81191611289978,False
0,9,1.0,40.0,70,101,73,44.98205375671387,False
1,4,,,100,101,72,49.64746809005737,False
1,6,,60.0,25,101,71,24.591158151626587,False
11,8,,50.0,32,101,73,26.58888864517212,False
10,6,1.0,,67,101,76,43.55935001373291,False
5,2,,,100,101,71,49.601486921310425,False
5,6,1.0,50.0,79,101,69,48.470040798187256,False
2,8,,10.0,66,101,83,38.37018871307373,False
10,0,,50.0,28,101,77,25.051016807556152,False
9,0,,30.0,40,101,81,29.857099294662476,False
8,3,,20.0,50,101,88,33.12880301475525,False
11,8,1.0,40.0,86,101,70,50.61085391044617,False
11,5,,40.0,44,101,62,30.269956350326538,False
5,8,1.0,10.0,98,101,65,58.003859519958496,False
5,1,1.0,70.0,73,101,71,46.79899883270264,False
7,9,,40.0,40,101,76,30.09531569480896,False
1,7,1.0,60.0,80,101,74,49.10151505470276,False
1,1,,30.0,43,101,79,35.59999084472656,False
9,0,1.0,70.0,74,101,89,47.06291317939758,False
5,5,1.0,70.0,72,101,78,51.66686534881592,False
1,7,,50.0,37,101,71,28.28359365463257,False
0,3,1.0,10.0,93,101,81,53.018388748168945,False
3,3,,10.0,45,101,77,30.948801517486572,False
10,1,,20.0,54,101,78,34.562325954437256,False
11,2,,60.0,27,101,64,25.122369527816772,False
11,8,,,100,101,68,49.78530406951904,False
4,2,1.0,50.0,89,101,80,51.80536913871765,False
11,8,1.0,,67,101,52,43.48366117477417,False
9,6,,,100,101,86,49.73110604286194,False
1,9,1.0,30.0,88,101,78,52.094362020492554,False
9,8,1.0,10.0,93,101,83,56.65461564064026,False
3,4,1.0,30.0,84,101,82,50.692042112350464,False
2,7,1.0,70.0,78,101,83,48.57553243637085,False
10,3,1.0,10.0,91,101,79,52.45552635192871,False
4,0,,30.0,39,101,79,29.346277475357056,False
1,4,,40.0,31,101,71,26.92354679107666,False
5,2,1.0,10.0,94,101,76,53.46414637565613,False
6,1,,30.0,34,101,64,27.881274938583374,False
0,9,,60.0,31,101,71,26.56945252418518,False
2,9,,50.0,30,101,84,25.849836826324463,False
5,4,,70.0,35,101,73,28.275940418243408,False
9,0,1.0,,73,101,83,45.51353645324707,False
4,3,,10.0,68,101,80,38.92862391471863,False
3,3,1.0,60.0,70,101,84,45.63330698013306,False
3,2,1.0,40.0,74,101,87,46.305707931518555,False
8,8,,,100,101,83,50.395219564437866,False
9,8,1.0,70.0,77,101,82,48.55015015602112,False
5,2,1.0,70.0,76,101,79,47.78951549530029,False
3,4,,,100,101,83,49.54520797729492,False
5,5,,50.0,30,101,75,25.847344636917114,False
8,6,,,100,101,84,49.746994495391846,False
5,6,1.0,10.0,92,101,71,52.73193669319153,False
4,6,1.0,40.0,81,101,79,48.688629150390625,False
3,9,1.0,30.0,80,101,85,49.251426219940186,False
3,3,,,100,101,82,49.84045362472534,False
8,9,,40.0,31,101,85,26.98699688911438,False
5,6,1.0,40.0,79,101,69,48.015784740448,False
5,7,1.0,20.0,91,101,72,52.8234384059906,False
3,1,,70.0,37,101,86,29.046682357788086,False
8,2,1.0,20.0,83,101,83,50.058401107788086,False
5,9,,20.0,45,101,68,31.42658519744873,False
3,4,1.0,10.0,93,101,82,52.986549377441406,False
2,7,,50.0,39,101,86,29.02179718017578,False
7,1,1.0,40.0,93,101,70,52.85397958755493,False
0,7,,70.0,30,101,67,26.332804441452026,False
8,7,1.0,40.0,81,101,81,49.663257360458374,False
9,9,1.0,70.0,72,101,81,46.65912055969238,False
6,6,1.0,,59,101,73,40.60814046859741,False
7,7,,60.0,23,101,63,23.95147705078125,False
4,1,1.0,10.0,98,101,76,54.76241207122803,False
7,5,1.0,40.0,92,101,77,52.59990048408508,False
7,4,,10.0,67,101,55,38.75235605239868,False
3,3,,60.0,31,101,86,26.36657953262329,False
3,2,1.0,70.0,74,101,87,47.17689514160156,False
4,5,,60.0,27,101,81,24.973565578460693,False
10,8,,30.0,41,101,64,35.48564100265503,False
